"Step","cartpole_lb_rtg_na - Train_AverageReturn","cartpole_lb_rtg_na - Train_AverageReturn__MIN","cartpole_lb_rtg_na - Train_AverageReturn__MAX","cartpole_lb_na - Train_AverageReturn","cartpole_lb_na - Train_AverageReturn__MIN","cartpole_lb_na - Train_AverageReturn__MAX","cartpole_lb_rtg - Train_AverageReturn","cartpole_lb_rtg - Train_AverageReturn__MIN","cartpole_lb_rtg - Train_AverageReturn__MAX","cartpole_lb - Train_AverageReturn","cartpole_lb - Train_AverageReturn__MIN","cartpole_lb - Train_AverageReturn__MAX","cartpole_rtg_na - Train_AverageReturn","cartpole_rtg_na - Train_AverageReturn__MIN","cartpole_rtg_na - Train_AverageReturn__MAX","cartpole_na - Train_AverageReturn","cartpole_na - Train_AverageReturn__MIN","cartpole_na - Train_AverageReturn__MAX","cartpole_rtg - Train_AverageReturn","cartpole_rtg - Train_AverageReturn__MIN","cartpole_rtg - Train_AverageReturn__MAX","cartpole - Train_AverageReturn","cartpole - Train_AverageReturn__MIN","cartpole - Train_AverageReturn__MAX"
"0","23.54705810546875","23.54705810546875","23.54705810546875","24.937889099121094","24.937889099121094","24.937889099121094","23.821428298950195","23.821428298950195","23.821428298950195","23.710060119628906","23.710060119628906","23.710060119628906","21.95652198791504","21.95652198791504","21.95652198791504","21.680850982666016","21.680850982666016","21.680850982666016","28.864864349365234","28.864864349365234","28.864864349365234","22.413043975830078","22.413043975830078","22.413043975830078"
"1","35.17094039916992","35.17094039916992","35.17094039916992","34.57758712768555","34.57758712768555","34.57758712768555","32.38399887084961","32.38399887084961","32.38399887084961","28.446807861328125","28.446807861328125","28.446807861328125","33.54838562011719","33.54838562011719","33.54838562011719","29.08571434020996","29.08571434020996","29.08571434020996","30.058822631835938","30.058822631835938","30.058822631835938","22.909090042114258","22.909090042114258","22.909090042114258"
"2","42.536842346191406","42.536842346191406","42.536842346191406","42.76595687866211","42.76595687866211","42.76595687866211","45.21111297607422","45.21111297607422","45.21111297607422","36.08108139038086","36.08108139038086","36.08108139038086","40.599998474121094","40.599998474121094","40.599998474121094","41.75","41.75","41.75","38.61538314819336","38.61538314819336","38.61538314819336","27.16216278076172","27.16216278076172","27.16216278076172"
"3","52.22077941894531","52.22077941894531","52.22077941894531","44.076087951660156","44.076087951660156","44.076087951660156","52.45454406738281","52.45454406738281","52.45454406738281","47.30588150024414","47.30588150024414","47.30588150024414","43.5217399597168","43.5217399597168","43.5217399597168","55.68421173095703","55.68421173095703","55.68421173095703","50","50","50","28.52777862548828","28.52777862548828","28.52777862548828"
"4","61.287879943847656","61.287879943847656","61.287879943847656","47.66666793823242","47.66666793823242","47.66666793823242","62.65625","62.65625","62.65625","50.987342834472656","50.987342834472656","50.987342834472656","58.44444274902344","58.44444274902344","58.44444274902344","67.53333282470703","67.53333282470703","67.53333282470703","61.588233947753906","61.588233947753906","61.588233947753906","29.58823585510254","29.58823585510254","29.58823585510254"
"5","67.73332977294922","67.73332977294922","67.73332977294922","64.66129302978516","64.66129302978516","64.66129302978516","70.50877380371094","70.50877380371094","70.50877380371094","57.52857208251953","57.52857208251953","57.52857208251953","83.66666412353516","83.66666412353516","83.66666412353516","85.15384674072266","85.15384674072266","85.15384674072266","79.76923370361328","79.76923370361328","79.76923370361328","33.43333435058594","33.43333435058594","33.43333435058594"
"6","89.17778015136719","89.17778015136719","89.17778015136719","81.73469543457031","81.73469543457031","81.73469543457031","91.86363983154297","91.86363983154297","91.86363983154297","73.87272644042969","73.87272644042969","73.87272644042969","72.26667022705078","72.26667022705078","72.26667022705078","69","69","69","59.47058868408203","59.47058868408203","59.47058868408203","50.95000076293945","50.95000076293945","50.95000076293945"
"7","90.75555419921875","90.75555419921875","90.75555419921875","80.55999755859375","80.55999755859375","80.55999755859375","86.85106658935547","86.85106658935547","86.85106658935547","67.96610260009766","67.96610260009766","67.96610260009766","71.73332977294922","71.73332977294922","71.73332977294922","79.53845977783203","79.53845977783203","79.53845977783203","94.18181610107422","94.18181610107422","94.18181610107422","53.150001525878906","53.150001525878906","53.150001525878906"
"8","122.33333587646484","122.33333587646484","122.33333587646484","87.73912811279297","87.73912811279297","87.73912811279297","105.15384674072266","105.15384674072266","105.15384674072266","63.57143020629883","63.57143020629883","63.57143020629883","84.75","84.75","84.75","112","112","112","102.5999984741211","102.5999984741211","102.5999984741211","54.3684196472168","54.3684196472168","54.3684196472168"
"9","126.75","126.75","126.75","108.8648681640625","108.8648681640625","108.8648681640625","149.0370330810547","149.0370330810547","149.0370330810547","66.93333435058594","66.93333435058594","66.93333435058594","63.9375","63.9375","63.9375","91","91","91","72.8125","72.8125","72.8125","61.117645263671875","61.117645263671875","61.117645263671875"
"10","152.11111450195312","152.11111450195312","152.11111450195312","131.80645751953125","131.80645751953125","131.80645751953125","151.25926208496094","151.25926208496094","151.25926208496094","79.94117736816406","79.94117736816406","79.94117736816406","78.84615325927734","78.84615325927734","78.84615325927734","109.19999694824219","109.19999694824219","109.19999694824219","114.11111450195312","114.11111450195312","114.11111450195312","67.73332977294922","67.73332977294922","67.73332977294922"
"11","160.60000610351562","160.60000610351562","160.60000610351562","135.43333435058594","135.43333435058594","135.43333435058594","138.58621215820312","138.58621215820312","138.58621215820312","105.65789794921875","105.65789794921875","105.65789794921875","103","103","103","102","102","102","150.2857208251953","150.2857208251953","150.2857208251953","56.72222137451172","56.72222137451172","56.72222137451172"
"12","151.1481475830078","151.1481475830078","151.1481475830078","161.0800018310547","161.0800018310547","161.0800018310547","155.38461303710938","155.38461303710938","155.38461303710938","127.21212005615234","127.21212005615234","127.21212005615234","85.16666412353516","85.16666412353516","85.16666412353516","129.375","129.375","129.375","128.125","128.125","128.125","63.5625","63.5625","63.5625"
"13","149.92591857910156","149.92591857910156","149.92591857910156","163.83999633789062","163.83999633789062","163.83999633789062","145.17857360839844","145.17857360839844","145.17857360839844","116.71428680419922","116.71428680419922","116.71428680419922","117.77777862548828","117.77777862548828","117.77777862548828","162.42857360839844","162.42857360839844","162.42857360839844","131.5","131.5","131.5","77.46154022216797","77.46154022216797","77.46154022216797"
"14","171.375","171.375","171.375","177.86956787109375","177.86956787109375","177.86956787109375","144.85714721679688","144.85714721679688","144.85714721679688","115.94285583496094","115.94285583496094","115.94285583496094","107","107","107","165.14285278320312","165.14285278320312","165.14285278320312","156.2857208251953","156.2857208251953","156.2857208251953","88.91666412353516","88.91666412353516","88.91666412353516"
"15","184.4545440673828","184.4545440673828","184.4545440673828","190.68182373046875","190.68182373046875","190.68182373046875","141.2413787841797","141.2413787841797","141.2413787841797","131.1290283203125","131.1290283203125","131.1290283203125","107.9000015258789","107.9000015258789","107.9000015258789","141","141","141","129.75","129.75","129.75","100.45454406738281","100.45454406738281","100.45454406738281"
"16","193.2857208251953","193.2857208251953","193.2857208251953","195.7142791748047","195.7142791748047","195.7142791748047","155.73077392578125","155.73077392578125","155.73077392578125","154.92591857910156","154.92591857910156","154.92591857910156","115.55555725097656","115.55555725097656","115.55555725097656","169.8333282470703","169.8333282470703","169.8333282470703","158.85714721679688","158.85714721679688","158.85714721679688","91.63636016845703","91.63636016845703","91.63636016845703"
"17","185.18182373046875","185.18182373046875","185.18182373046875","191.85714721679688","191.85714721679688","191.85714721679688","183.86363220214844","183.86363220214844","183.86363220214844","158.34616088867188","158.34616088867188","158.34616088867188","127","127","127","148.7142791748047","148.7142791748047","148.7142791748047","131.125","131.125","131.125","85.5","85.5","85.5"
"18","192.76190185546875","192.76190185546875","192.76190185546875","200","200","200","197.57142639160156","197.57142639160156","197.57142639160156","143.0689697265625","143.0689697265625","143.0689697265625","156.85714721679688","156.85714721679688","156.85714721679688","166.6666717529297","166.6666717529297","166.6666717529297","143.42857360839844","143.42857360839844","143.42857360839844","90.33333587646484","90.33333587646484","90.33333587646484"
"19","194.95237731933594","194.95237731933594","194.95237731933594","200","200","200","198.90475463867188","198.90475463867188","198.90475463867188","155.46153259277344","155.46153259277344","155.46153259277344","185.6666717529297","185.6666717529297","185.6666717529297","180.6666717529297","180.6666717529297","180.6666717529297","171.6666717529297","171.6666717529297","171.6666717529297","111.88888549804688","111.88888549804688","111.88888549804688"
"20","194.04762268066406","194.04762268066406","194.04762268066406","200","200","200","200","200","200","164.44000244140625","164.44000244140625","164.44000244140625","178.5","178.5","178.5","186.1666717529297","186.1666717529297","186.1666717529297","145","145","145","130.125","130.125","130.125"
"21","196.3333282470703","196.3333282470703","196.3333282470703","200","200","200","200","200","200","171.2916717529297","171.2916717529297","171.2916717529297","195.8333282470703","195.8333282470703","195.8333282470703","200","200","200","158.42857360839844","158.42857360839844","158.42857360839844","146.875","146.875","146.875"
"22","197.85714721679688","197.85714721679688","197.85714721679688","200","200","200","200","200","200","180.95652770996094","180.95652770996094","180.95652770996094","200","200","200","200","200","200","174","174","174","133.25","133.25","133.25"
"23","198.23809814453125","198.23809814453125","198.23809814453125","200","200","200","200","200","200","192.1904754638672","192.1904754638672","192.1904754638672","168.3333282470703","168.3333282470703","168.3333282470703","194.3333282470703","194.3333282470703","194.3333282470703","179.6666717529297","179.6666717529297","179.6666717529297","166.85714721679688","166.85714721679688","166.85714721679688"
"24","200","200","200","200","200","200","200","200","200","186.81817626953125","186.81817626953125","186.81817626953125","170.5","170.5","170.5","200","200","200","166.8333282470703","166.8333282470703","166.8333282470703","153.85714721679688","153.85714721679688","153.85714721679688"
"25","193.61904907226562","193.61904907226562","193.61904907226562","200","200","200","200","200","200","195.4761962890625","195.4761962890625","195.4761962890625","160","160","160","200","200","200","171","171","171","172.3333282470703","172.3333282470703","172.3333282470703"
"26","198.6666717529297","198.6666717529297","198.6666717529297","200","200","200","200","200","200","200","200","200","159.2857208251953","159.2857208251953","159.2857208251953","200","200","200","167.5","167.5","167.5","198.5","198.5","198.5"
"27","200","200","200","199.6666717529297","199.6666717529297","199.6666717529297","200","200","200","200","200","200","140.375","140.375","140.375","200","200","200","147.5","147.5","147.5","183.5","183.5","183.5"
"28","190.6666717529297","190.6666717529297","190.6666717529297","200","200","200","198.76190185546875","198.76190185546875","198.76190185546875","194.23809814453125","194.23809814453125","194.23809814453125","199.3333282470703","199.3333282470703","199.3333282470703","200","200","200","143.42857360839844","143.42857360839844","143.42857360839844","147","147","147"
"29","191.42857360839844","191.42857360839844","191.42857360839844","200","200","200","188.77272033691406","188.77272033691406","188.77272033691406","183.22727966308594","183.22727966308594","183.22727966308594","175.5","175.5","175.5","200","200","200","151.57142639160156","151.57142639160156","151.57142639160156","185.1666717529297","185.1666717529297","185.1666717529297"
"30","187.5","187.5","187.5","200","200","200","173.875","173.875","173.875","187.86363220214844","187.86363220214844","187.86363220214844","184.1666717529297","184.1666717529297","184.1666717529297","200","200","200","190.3333282470703","190.3333282470703","190.3333282470703","197.5","197.5","197.5"
"31","176.30435180664062","176.30435180664062","176.30435180664062","200","200","200","154.03846740722656","154.03846740722656","154.03846740722656","181.47825622558594","181.47825622558594","181.47825622558594","193.6666717529297","193.6666717529297","193.6666717529297","200","200","200","199.3333282470703","199.3333282470703","199.3333282470703","159.7142791748047","159.7142791748047","159.7142791748047"
"32","197.61904907226562","197.61904907226562","197.61904907226562","200","200","200","147.14285278320312","147.14285278320312","147.14285278320312","179","179","179","199","199","199","200","200","200","198","198","198","151.57142639160156","151.57142639160156","151.57142639160156"
"33","200","200","200","200","200","200","142.34483337402344","142.34483337402344","142.34483337402344","182.56521606445312","182.56521606445312","182.56521606445312","182.5","182.5","182.5","200","200","200","180.3333282470703","180.3333282470703","180.3333282470703","173","173","173"
"34","200","200","200","200","200","200","143.60714721679688","143.60714721679688","143.60714721679688","181.13043212890625","181.13043212890625","181.13043212890625","197.1666717529297","197.1666717529297","197.1666717529297","200","200","200","180.8333282470703","180.8333282470703","180.8333282470703","157.85714721679688","157.85714721679688","157.85714721679688"
"35","200","200","200","200","200","200","140.51724243164062","140.51724243164062","140.51724243164062","173.4166717529297","173.4166717529297","173.4166717529297","200","200","200","200","200","200","200","200","200","169.42857360839844","169.42857360839844","169.42857360839844"
"36","196.95237731933594","196.95237731933594","196.95237731933594","200","200","200","146.35714721679688","146.35714721679688","146.35714721679688","163.27999877929688","163.27999877929688","163.27999877929688","200","200","200","200","200","200","200","200","200","167.57142639160156","167.57142639160156","167.57142639160156"
"37","200","200","200","200","200","200","162.8800048828125","162.8800048828125","162.8800048828125","149","149","149","200","200","200","200","200","200","200","200","200","188.5","188.5","188.5"
"38","200","200","200","200","200","200","175.30435180664062","175.30435180664062","175.30435180664062","166.8333282470703","166.8333282470703","166.8333282470703","200","200","200","200","200","200","200","200","200","198.1666717529297","198.1666717529297","198.1666717529297"
"39","200","200","200","200","200","200","188.90908813476562","188.90908813476562","188.90908813476562","162.9199981689453","162.9199981689453","162.9199981689453","190","190","190","200","200","200","200","200","200","200","200","200"
"40","200","200","200","200","200","200","198.8095245361328","198.8095245361328","198.8095245361328","168.9583282470703","168.9583282470703","168.9583282470703","199","199","199","200","200","200","200","200","200","200","200","200"
"41","200","200","200","200","200","200","200","200","200","189.4545440673828","189.4545440673828","189.4545440673828","200","200","200","200","200","200","200","200","200","197.1666717529297","197.1666717529297","197.1666717529297"
"42","200","200","200","200","200","200","200","200","200","196.38095092773438","196.38095092773438","196.38095092773438","200","200","200","200","200","200","200","200","200","192.1666717529297","192.1666717529297","192.1666717529297"
"43","200","200","200","200","200","200","200","200","200","189.81817626953125","189.81817626953125","189.81817626953125","200","200","200","200","200","200","200","200","200","196.1666717529297","196.1666717529297","196.1666717529297"
"44","200","200","200","199.85714721679688","199.85714721679688","199.85714721679688","200","200","200","190.59091186523438","190.59091186523438","190.59091186523438","200","200","200","200","200","200","200","200","200","174","174","174"
"45","200","200","200","200","200","200","200","200","200","195.5238037109375","195.5238037109375","195.5238037109375","200","200","200","200","200","200","200","200","200","182.5","182.5","182.5"
"46","200","200","200","200","200","200","200","200","200","195.09524536132812","195.09524536132812","195.09524536132812","200","200","200","200","200","200","200","200","200","195","195","195"
"47","200","200","200","200","200","200","200","200","200","197.3333282470703","197.3333282470703","197.3333282470703","200","200","200","200","200","200","200","200","200","184.1666717529297","184.1666717529297","184.1666717529297"
"48","200","200","200","200","200","200","200","200","200","198.09524536132812","198.09524536132812","198.09524536132812","200","200","200","200","200","200","196.5","196.5","196.5","175","175","175"
"49","200","200","200","200","200","200","200","200","200","195.6666717529297","195.6666717529297","195.6666717529297","200","200","200","200","200","200","187.6666717529297","187.6666717529297","187.6666717529297","151.7142791748047","151.7142791748047","151.7142791748047"
"50","200","200","200","200","200","200","200","200","200","195.7142791748047","195.7142791748047","195.7142791748047","200","200","200","200","200","200","172","172","172","143.25","143.25","143.25"
"51","200","200","200","200","200","200","200","200","200","196.90475463867188","196.90475463867188","196.90475463867188","200","200","200","200","200","200","108.5","108.5","108.5","129","129","129"
"52","200","200","200","200","200","200","200","200","200","185.40908813476562","185.40908813476562","185.40908813476562","196.6666717529297","196.6666717529297","196.6666717529297","200","200","200","77.23076629638672","77.23076629638672","77.23076629638672","130.875","130.875","130.875"
"53","200","200","200","200","200","200","200","200","200","191.23809814453125","191.23809814453125","191.23809814453125","200","200","200","200","200","200","77.69230651855469","77.69230651855469","77.69230651855469","119.66666412353516","119.66666412353516","119.66666412353516"
"54","200","200","200","200","200","200","200","200","200","196.38095092773438","196.38095092773438","196.38095092773438","200","200","200","200","200","200","84.30769348144531","84.30769348144531","84.30769348144531","96.09091186523438","96.09091186523438","96.09091186523438"
"55","200","200","200","200","200","200","200","200","200","190.31817626953125","190.31817626953125","190.31817626953125","200","200","200","200","200","200","103","103","103","83.69230651855469","83.69230651855469","83.69230651855469"
"56","200","200","200","200","200","200","200","200","200","188.81817626953125","188.81817626953125","188.81817626953125","200","200","200","200","200","200","113.77777862548828","113.77777862548828","113.77777862548828","67.26667022705078","67.26667022705078","67.26667022705078"
"57","200","200","200","200","200","200","200","200","200","200","200","200","200","200","200","200","200","200","118.44444274902344","118.44444274902344","118.44444274902344","59.11111068725586","59.11111068725586","59.11111068725586"
"58","200","200","200","200","200","200","200","200","200","190.6666717529297","190.6666717529297","190.6666717529297","200","200","200","200","200","200","135.25","135.25","135.25","59.64706039428711","59.64706039428711","59.64706039428711"
"59","200","200","200","200","200","200","200","200","200","188.31817626953125","188.31817626953125","188.31817626953125","200","200","200","200","200","200","149.7142791748047","149.7142791748047","149.7142791748047","52.400001525878906","52.400001525878906","52.400001525878906"
"60","200","200","200","200","200","200","200","200","200","182.9545440673828","182.9545440673828","182.9545440673828","200","200","200","200","200","200","159","159","159","51.25","51.25","51.25"
"61","200","200","200","200","200","200","200","200","200","174.1666717529297","174.1666717529297","174.1666717529297","200","200","200","200","200","200","167","167","167","50.599998474121094","50.599998474121094","50.599998474121094"
"62","198.42857360839844","198.42857360839844","198.42857360839844","200","200","200","199.5238037109375","199.5238037109375","199.5238037109375","164.63999938964844","164.63999938964844","164.63999938964844","200","200","200","200","200","200","169.8333282470703","169.8333282470703","169.8333282470703","49.47618865966797","49.47618865966797","49.47618865966797"
"63","200","200","200","200","200","200","198.4761962890625","198.4761962890625","198.4761962890625","167.4166717529297","167.4166717529297","167.4166717529297","200","200","200","200","200","200","180","180","180","49.095237731933594","49.095237731933594","49.095237731933594"
"64","200","200","200","200","200","200","190.95237731933594","190.95237731933594","190.95237731933594","169.75","169.75","169.75","200","200","200","200","200","200","195.8333282470703","195.8333282470703","195.8333282470703","50.29999923706055","50.29999923706055","50.29999923706055"
"65","200","200","200","200","200","200","183.72727966308594","183.72727966308594","183.72727966308594","174.0833282470703","174.0833282470703","174.0833282470703","190.3333282470703","190.3333282470703","190.3333282470703","200","200","200","200","200","200","46.90909194946289","46.90909194946289","46.90909194946289"
"66","199.09524536132812","199.09524536132812","199.09524536132812","200","200","200","180.82608032226562","180.82608032226562","180.82608032226562","161.47999572753906","161.47999572753906","161.47999572753906","192.6666717529297","192.6666717529297","192.6666717529297","200","200","200","200","200","200","48.47618865966797","48.47618865966797","48.47618865966797"
"67","198.76190185546875","198.76190185546875","198.76190185546875","200","200","200","174.95652770996094","174.95652770996094","174.95652770996094","142.1724090576172","142.1724090576172","142.1724090576172","200","200","200","200","200","200","200","200","200","51.150001525878906","51.150001525878906","51.150001525878906"
"68","198.76190185546875","198.76190185546875","198.76190185546875","200","200","200","175.82608032226562","175.82608032226562","175.82608032226562","144.1724090576172","144.1724090576172","144.1724090576172","200","200","200","200","200","200","200","200","200","48.9523811340332","48.9523811340332","48.9523811340332"
"69","200","200","200","200","200","200","184.5454559326172","184.5454559326172","184.5454559326172","143.0357208251953","143.0357208251953","143.0357208251953","200","200","200","200","200","200","200","200","200","51.599998474121094","51.599998474121094","51.599998474121094"
"70","199.2857208251953","199.2857208251953","199.2857208251953","200","200","200","176.95652770996094","176.95652770996094","176.95652770996094","149.8518524169922","149.8518524169922","149.8518524169922","195.1666717529297","195.1666717529297","195.1666717529297","200","200","200","200","200","200","52.349998474121094","52.349998474121094","52.349998474121094"
"71","197.6666717529297","197.6666717529297","197.6666717529297","200","200","200","178.47825622558594","178.47825622558594","178.47825622558594","157.26922607421875","157.26922607421875","157.26922607421875","200","200","200","200","200","200","200","200","200","53.78947448730469","53.78947448730469","53.78947448730469"
"72","198.3333282470703","198.3333282470703","198.3333282470703","200","200","200","197.6666717529297","197.6666717529297","197.6666717529297","173.375","173.375","173.375","200","200","200","200","200","200","200","200","200","51.650001525878906","51.650001525878906","51.650001525878906"
"73","200","200","200","200","200","200","191.04762268066406","191.04762268066406","191.04762268066406","193.1904754638672","193.1904754638672","193.1904754638672","200","200","200","200","200","200","200","200","200","51.79999923706055","51.79999923706055","51.79999923706055"
"74","195.5238037109375","195.5238037109375","195.5238037109375","200","200","200","190.68182373046875","190.68182373046875","190.68182373046875","199.42857360839844","199.42857360839844","199.42857360839844","200","200","200","200","200","200","200","200","200","54","54","54"
"75","192.95237731933594","192.95237731933594","192.95237731933594","200","200","200","198.95237731933594","198.95237731933594","198.95237731933594","200","200","200","200","200","200","200","200","200","200","200","200","54.73684310913086","54.73684310913086","54.73684310913086"
"76","194.57142639160156","194.57142639160156","194.57142639160156","200","200","200","200","200","200","200","200","200","200","200","200","200","200","200","200","200","200","56.05263137817383","56.05263137817383","56.05263137817383"
"77","189.5454559326172","189.5454559326172","189.5454559326172","200","200","200","200","200","200","200","200","200","200","200","200","200","200","200","200","200","200","55.66666793823242","55.66666793823242","55.66666793823242"
"78","191.09524536132812","191.09524536132812","191.09524536132812","200","200","200","200","200","200","199.85714721679688","199.85714721679688","199.85714721679688","198.5","198.5","198.5","200","200","200","200","200","200","63.25","63.25","63.25"
"79","185.40908813476562","185.40908813476562","185.40908813476562","200","200","200","200","200","200","198.57142639160156","198.57142639160156","198.57142639160156","198.1666717529297","198.1666717529297","198.1666717529297","200","200","200","200","200","200","59.82352828979492","59.82352828979492","59.82352828979492"
"80","178","178","178","200","200","200","200","200","200","188.13636779785156","188.13636779785156","188.13636779785156","199.6666717529297","199.6666717529297","199.6666717529297","200","200","200","200","200","200","66.5","66.5","66.5"
"81","179","179","179","200","200","200","200","200","200","175.0869598388672","175.0869598388672","175.0869598388672","200","200","200","200","200","200","200","200","200","71.85713958740234","71.85713958740234","71.85713958740234"
"82","186.90908813476562","186.90908813476562","186.90908813476562","200","200","200","200","200","200","171.4583282470703","171.4583282470703","171.4583282470703","200","200","200","200","200","200","200","200","200","77.46154022216797","77.46154022216797","77.46154022216797"
"83","191.57142639160156","191.57142639160156","191.57142639160156","200","200","200","200","200","200","159.73077392578125","159.73077392578125","159.73077392578125","200","200","200","200","200","200","200","200","200","75.57142639160156","75.57142639160156","75.57142639160156"
"84","193.2857208251953","193.2857208251953","193.2857208251953","200","200","200","200","200","200","155.84616088867188","155.84616088867188","155.84616088867188","187.5","187.5","187.5","200","200","200","200","200","200","77.23076629638672","77.23076629638672","77.23076629638672"
"85","192.8095245361328","192.8095245361328","192.8095245361328","200","200","200","200","200","200","167.375","167.375","167.375","187.5","187.5","187.5","200","200","200","200","200","200","74.85713958740234","74.85713958740234","74.85713958740234"
"86","197.61904907226562","197.61904907226562","197.61904907226562","200","200","200","200","200","200","171.6666717529297","171.6666717529297","171.6666717529297","200","200","200","200","200","200","200","200","200","80.53845977783203","80.53845977783203","80.53845977783203"
"87","200","200","200","200","200","200","200","200","200","187.5","187.5","187.5","198.8333282470703","198.8333282470703","198.8333282470703","200","200","200","200","200","200","81.07691955566406","81.07691955566406","81.07691955566406"
"88","196","196","196","200","200","200","200","200","200","182.09091186523438","182.09091186523438","182.09091186523438","200","200","200","200","200","200","200","200","200","76.78571319580078","76.78571319580078","76.78571319580078"
"89","200","200","200","199.85714721679688","199.85714721679688","199.85714721679688","200","200","200","197.7142791748047","197.7142791748047","197.7142791748047","198.1666717529297","198.1666717529297","198.1666717529297","200","200","200","200","200","200","77","77","77"
"90","200","200","200","200","200","200","200","200","200","199.42857360839844","199.42857360839844","199.42857360839844","190.6666717529297","190.6666717529297","190.6666717529297","200","200","200","200","200","200","74.21428680419922","74.21428680419922","74.21428680419922"
"91","200","200","200","200","200","200","200","200","200","191","191","191","200","200","200","200","200","200","200","200","200","71.5","71.5","71.5"
"92","200","200","200","200","200","200","200","200","200","185.22727966308594","185.22727966308594","185.22727966308594","198.3333282470703","198.3333282470703","198.3333282470703","200","200","200","200","200","200","67.33333587646484","67.33333587646484","67.33333587646484"
"93","200","200","200","200","200","200","200","200","200","175.6521759033203","175.6521759033203","175.6521759033203","200","200","200","200","200","200","200","200","200","72.21428680419922","72.21428680419922","72.21428680419922"
"94","200","200","200","200","200","200","200","200","200","173","173","173","200","200","200","200","200","200","200","200","200","72.85713958740234","72.85713958740234","72.85713958740234"
"95","200","200","200","200","200","200","200","200","200","169.2083282470703","169.2083282470703","169.2083282470703","200","200","200","200","200","200","200","200","200","69.4000015258789","69.4000015258789","69.4000015258789"
"96","186.0454559326172","186.0454559326172","186.0454559326172","200","200","200","200","200","200","169.7083282470703","169.7083282470703","169.7083282470703","200","200","200","200","200","200","200","200","200","72.21428680419922","72.21428680419922","72.21428680419922"
"97","200","200","200","200","200","200","200","200","200","163.16000366210938","163.16000366210938","163.16000366210938","200","200","200","200","200","200","200","200","200","66","66","66"
"98","200","200","200","200","200","200","200","200","200","162.44000244140625","162.44000244140625","162.44000244140625","199.1666717529297","199.1666717529297","199.1666717529297","200","200","200","200","200","200","77.42857360839844","77.42857360839844","77.42857360839844"
"99","200","200","200","200","200","200","200","200","200","148.8518524169922","148.8518524169922","148.8518524169922","200","200","200","200","200","200","200","200","200","69.86666870117188","69.86666870117188","69.86666870117188"