"Step","diffusion - loss","diffusion - loss__MIN","diffusion - loss__MAX"
"100","0.5375814554095268","0.5375814554095268","0.5375814554095268"
"200","0.3389862385392189","0.3389862385392189","0.3389862385392189"
"300","0.2929791006445885","0.2929791006445885","0.2929791006445885"
"400","0.24776849314570426","0.24776849314570426","0.24776849314570426"
"500","0.2342391587793827","0.2342391587793827","0.2342391587793827"
"600","0.2212406276166439","0.2212406276166439","0.2212406276166439"
"700","0.209432442933321","0.209432442933321","0.209432442933321"
"800","0.20652784481644632","0.20652784481644632","0.20652784481644632"
"900","0.19928265392780303","0.19928265392780303","0.19928265392780303"
"1000","0.19734945088624956","0.19734945088624956","0.19734945088624956"
"1100","0.19347721770405768","0.19347721770405768","0.19347721770405768"
"1200","0.1936679470539093","0.1936679470539093","0.1936679470539093"
"1300","0.1913455107808113","0.1913455107808113","0.1913455107808113"
"1400","0.18884004339575766","0.18884004339575766","0.18884004339575766"
"1500","0.1830105349421501","0.1830105349421501","0.1830105349421501"
"1600","0.18762957394123078","0.18762957394123078","0.18762957394123078"
"1700","0.1843692782521248","0.1843692782521248","0.1843692782521248"
"1800","0.18494405582547188","0.18494405582547188","0.18494405582547188"
"1900","0.18170659780502318","0.18170659780502318","0.18170659780502318"
"2000","0.18246207311749457","0.18246207311749457","0.18246207311749457"
"2100","0.18531201884150506","0.18531201884150506","0.18531201884150506"
"2200","0.18150368884205817","0.18150368884205817","0.18150368884205817"
"2300","0.1802249526977539","0.1802249526977539","0.1802249526977539"
"2400","0.1759004859626293","0.1759004859626293","0.1759004859626293"
"2500","0.179285299628973","0.179285299628973","0.179285299628973"
"2600","0.1786290554702282","0.1786290554702282","0.1786290554702282"
"2700","0.17599649369716644","0.17599649369716644","0.17599649369716644"
"2800","0.17879903197288513","0.17879903197288513","0.17879903197288513"
"2900","0.17372747257351875","0.17372747257351875","0.17372747257351875"
"3000","0.17154039248824118","0.17154039248824118","0.17154039248824118"
"3100","0.17809829488396645","0.17809829488396645","0.17809829488396645"
"3200","0.17040912583470344","0.17040912583470344","0.17040912583470344"
"3300","0.17011462032794952","0.17011462032794952","0.17011462032794952"
"3400","0.17252231523394584","0.17252231523394584","0.17252231523394584"
"3500","0.17065789192914962","0.17065789192914962","0.17065789192914962"
"3600","0.16681921854615211","0.16681921854615211","0.16681921854615211"
"3700","0.1650271624326706","0.1650271624326706","0.1650271624326706"
"3800","0.16949146658182143","0.16949146658182143","0.16949146658182143"
"3900","0.16751149490475656","0.16751149490475656","0.16751149490475656"
"4000","0.16495710700750352","0.16495710700750352","0.16495710700750352"
"4100","0.1639387471973896","0.1639387471973896","0.1639387471973896"
"4200","0.16230503849685193","0.16230503849685193","0.16230503849685193"
"4300","0.16247968018054962","0.16247968018054962","0.16247968018054962"
"4400","0.15958473458886147","0.15958473458886147","0.15958473458886147"
"4500","0.16098628848791122","0.16098628848791122","0.16098628848791122"
"4600","0.1607171142101288","0.1607171142101288","0.1607171142101288"
"4700","0.1604910260438919","0.1604910260438919","0.1604910260438919"
"4800","0.15518749251961708","0.15518749251961708","0.15518749251961708"
"4900","0.1584544036537409","0.1584544036537409","0.1584544036537409"
"5000","0.1540998474508524","0.1540998474508524","0.1540998474508524"
"5100","0.15698133908212186","0.15698133908212186","0.15698133908212186"
"5200","0.15555129662156106","0.15555129662156106","0.15555129662156106"
"5300","0.15439025580883026","0.15439025580883026","0.15439025580883026"
"5400","0.15107826948165892","0.15107826948165892","0.15107826948165892"
"5500","0.15923759497702122","0.15923759497702122","0.15923759497702122"
"5600","0.1560633061826229","0.1560633061826229","0.1560633061826229"
"5700","0.15223098739981653","0.15223098739981653","0.15223098739981653"
"5800","0.1524925272166729","0.1524925272166729","0.1524925272166729"
"5900","0.1521917659789324","0.1521917659789324","0.1521917659789324"
"6000","0.15159222722053528","0.15159222722053528","0.15159222722053528"
"6100","0.14893682464957236","0.14893682464957236","0.14893682464957236"
"6200","0.14981434658169746","0.14981434658169746","0.14981434658169746"
"6300","0.14836689382791518","0.14836689382791518","0.14836689382791518"
"6400","0.15152562603354455","0.15152562603354455","0.15152562603354455"
"6500","0.14833826646208764","0.14833826646208764","0.14833826646208764"
"6600","0.1459171022474766","0.1459171022474766","0.1459171022474766"
"6700","0.14622159212827682","0.14622159212827682","0.14622159212827682"
"6800","0.14986776292324067","0.14986776292324067","0.14986776292324067"
"6900","0.1480031409114599","0.1480031409114599","0.1480031409114599"
"7000","0.14677885480225086","0.14677885480225086","0.14677885480225086"
"7100","0.1457899098098278","0.1457899098098278","0.1457899098098278"
"7200","0.14421462647616864","0.14421462647616864","0.14421462647616864"
"7300","0.14251803159713744","0.14251803159713744","0.14251803159713744"
"7400","0.1459844397008419","0.1459844397008419","0.1459844397008419"
"7500","0.14444272115826606","0.14444272115826606","0.14444272115826606"
"7600","0.14503585144877434","0.14503585144877434","0.14503585144877434"
"7700","0.14449388653039932","0.14449388653039932","0.14449388653039932"
"7800","0.14257035590708256","0.14257035590708256","0.14257035590708256"
"7900","0.14390940204262734","0.14390940204262734","0.14390940204262734"
"8000","0.1443998234719038","0.1443998234719038","0.1443998234719038"
"8100","0.14423336036503315","0.14423336036503315","0.14423336036503315"
"8200","0.14431984640657902","0.14431984640657902","0.14431984640657902"
"8300","0.1418578314781189","0.1418578314781189","0.1418578314781189"
"8400","0.13949266016483308","0.13949266016483308","0.13949266016483308"
"8500","0.14063661031424998","0.14063661031424998","0.14063661031424998"
"8600","0.13987590350210666","0.13987590350210666","0.13987590350210666"
"8700","0.13983734592795372","0.13983734592795372","0.13983734592795372"
"8800","0.1402349542826414","0.1402349542826414","0.1402349542826414"
"8900","0.1394109133630991","0.1394109133630991","0.1394109133630991"
"9000","0.13842207066714762","0.13842207066714762","0.13842207066714762"
"9100","0.14057272613048555","0.14057272613048555","0.14057272613048555"
"9200","0.13835786424577237","0.13835786424577237","0.13835786424577237"
"9300","0.13633209638297558","0.13633209638297558","0.13633209638297558"
"9400","0.13695080682635308","0.13695080682635308","0.13695080682635308"
"9500","0.14154925428330897","0.14154925428330897","0.14154925428330897"
"9600","0.14011405996978282","0.14011405996978282","0.14011405996978282"
"9700","0.13726520754396915","0.13726520754396915","0.13726520754396915"
"9800","0.13793906889855861","0.13793906889855861","0.13793906889855861"
"9900","0.13550784289836884","0.13550784289836884","0.13550784289836884"
"10000","0.134368784353137","0.134368784353137","0.134368784353137"
"10100","0.13388311825692653","0.13388311825692653","0.13388311825692653"
"10200","0.13694522090256214","0.13694522090256214","0.13694522090256214"
"10300","0.1352828449010849","0.1352828449010849","0.1352828449010849"
"10400","0.1367988709360361","0.1367988709360361","0.1367988709360361"
"10500","0.135338771417737","0.135338771417737","0.135338771417737"
"10600","0.13415926232933997","0.13415926232933997","0.13415926232933997"
"10700","0.135333019644022","0.135333019644022","0.135333019644022"
"10800","0.13341208420693873","0.13341208420693873","0.13341208420693873"
"10900","0.1349093896895647","0.1349093896895647","0.1349093896895647"
"11000","0.13414786025881767","0.13414786025881767","0.13414786025881767"
"11100","0.1348498735576868","0.1348498735576868","0.1348498735576868"
"11200","0.133583030924201","0.133583030924201","0.133583030924201"
"11300","0.13071776680648328","0.13071776680648328","0.13071776680648328"
"11400","0.12852453745901585","0.12852453745901585","0.12852453745901585"
"11500","0.13243844740092756","0.13243844740092756","0.13243844740092756"
"11600","0.13315172150731086","0.13315172150731086","0.13315172150731086"
"11700","0.13103663101792334","0.13103663101792334","0.13103663101792334"
"11800","0.13190987758338452","0.13190987758338452","0.13190987758338452"
"11900","0.13207811385393142","0.13207811385393142","0.13207811385393142"
"12000","0.13005679406225681","0.13005679406225681","0.13005679406225681"
"12100","0.13329786621034145","0.13329786621034145","0.13329786621034145"
"12200","0.12956311985850333","0.12956311985850333","0.12956311985850333"
"12300","0.1320525085180998","0.1320525085180998","0.1320525085180998"
"12400","0.1300767420232296","0.1300767420232296","0.1300767420232296"
"12500","0.12929364696145057","0.12929364696145057","0.12929364696145057"
"12600","0.13081201538443565","0.13081201538443565","0.13081201538443565"
"12700","0.13036389701068402","0.13036389701068402","0.13036389701068402"
"12800","0.12867721706628799","0.12867721706628799","0.12867721706628799"
"12900","0.12787601187825204","0.12787601187825204","0.12787601187825204"
"13000","0.1280961762368679","0.1280961762368679","0.1280961762368679"
"13100","0.12831369310617446","0.12831369310617446","0.12831369310617446"
"13200","0.12838489271700382","0.12838489271700382","0.12838489271700382"
"13300","0.12743779845535755","0.12743779845535755","0.12743779845535755"
"13400","0.1265894851833582","0.1265894851833582","0.1265894851833582"
"13500","0.12571925416588783","0.12571925416588783","0.12571925416588783"
"13600","0.12771213799715042","0.12771213799715042","0.12771213799715042"
"13700","0.12802716590464114","0.12802716590464114","0.12802716590464114"
"13800","0.12685997948050498","0.12685997948050498","0.12685997948050498"
"13900","0.12712212517857552","0.12712212517857552","0.12712212517857552"
"14000","0.1259004707634449","0.1259004707634449","0.1259004707634449"
"14100","0.1289753283560276","0.1289753283560276","0.1289753283560276"
"14200","0.12596007280051708","0.12596007280051708","0.12596007280051708"
"14300","0.12899893879890442","0.12899893879890442","0.12899893879890442"
"14400","0.1250052535533905","0.1250052535533905","0.1250052535533905"
"14500","0.1274229468405247","0.1274229468405247","0.1274229468405247"
"14600","0.12522120341658594","0.12522120341658594","0.12522120341658594"
"14700","0.12663983568549156","0.12663983568549156","0.12663983568549156"
"14800","0.12476194687187672","0.12476194687187672","0.12476194687187672"
"14900","0.1256556098908186","0.1256556098908186","0.1256556098908186"
"15000","0.12614853478968144","0.12614853478968144","0.12614853478968144"
"15100","0.1268356128036976","0.1268356128036976","0.1268356128036976"
"15200","0.12737403132021427","0.12737403132021427","0.12737403132021427"
"15300","0.12153505124151706","0.12153505124151706","0.12153505124151706"
"15400","0.1241180032491684","0.1241180032491684","0.1241180032491684"
"15500","0.1256367602944374","0.1256367602944374","0.1256367602944374"
"15600","0.1232685673981905","0.1232685673981905","0.1232685673981905"
"15700","0.12571964025497437","0.12571964025497437","0.12571964025497437"
"15800","0.12525753132998943","0.12525753132998943","0.12525753132998943"
"15900","0.12440178021788598","0.12440178021788598","0.12440178021788598"
"16000","0.12368402808904648","0.12368402808904648","0.12368402808904648"
"16100","0.12380700401961803","0.12380700401961803","0.12380700401961803"
"16200","0.12350617483258247","0.12350617483258247","0.12350617483258247"
"16300","0.12167097613215447","0.12167097613215447","0.12167097613215447"
"16400","0.12318149738013745","0.12318149738013745","0.12318149738013745"
"16500","0.12367577232420444","0.12367577232420444","0.12367577232420444"
"16600","0.12487915404140949","0.12487915404140949","0.12487915404140949"
"16700","0.1242269814759493","0.1242269814759493","0.1242269814759493"
"16800","0.12611351236701013","0.12611351236701013","0.12611351236701013"
"16900","0.12555342197418212","0.12555342197418212","0.12555342197418212"
"17000","0.1221262588351965","0.1221262588351965","0.1221262588351965"
"17100","0.12103601343929768","0.12103601343929768","0.12103601343929768"
"17200","0.12100887984037399","0.12100887984037399","0.12100887984037399"
"17300","0.12374057434499264","0.12374057434499264","0.12374057434499264"
"17400","0.12231189377605915","0.12231189377605915","0.12231189377605915"
"17500","0.12487222656607627","0.12487222656607627","0.12487222656607627"
"17600","0.12323771551251411","0.12323771551251411","0.12323771551251411"
"17700","0.12114384427666663","0.12114384427666663","0.12114384427666663"
"17800","0.12259238414466381","0.12259238414466381","0.12259238414466381"
"17900","0.1201844022423029","0.1201844022423029","0.1201844022423029"
"18000","0.12382751800119877","0.12382751800119877","0.12382751800119877"
"18100","0.12202063843607902","0.12202063843607902","0.12202063843607902"
"18200","0.1193961300700903","0.1193961300700903","0.1193961300700903"
"18300","0.1232749219238758","0.1232749219238758","0.1232749219238758"
"18400","0.12150779992341995","0.12150779992341995","0.12150779992341995"
"18500","0.12341043516993523","0.12341043516993523","0.12341043516993523"
"18600","0.12231349140405655","0.12231349140405655","0.12231349140405655"
"18700","0.12156568244099616","0.12156568244099616","0.12156568244099616"
"18800","0.1205937647074461","0.1205937647074461","0.1205937647074461"
"18900","0.1208279351145029","0.1208279351145029","0.1208279351145029"
"19000","0.12317003466188908","0.12317003466188908","0.12317003466188908"
"19100","0.12405024148523808","0.12405024148523808","0.12405024148523808"
"19200","0.11982442259788513","0.11982442259788513","0.11982442259788513"
"19300","0.12035995729267597","0.12035995729267597","0.12035995729267597"
"19400","0.1194753561168909","0.1194753561168909","0.1194753561168909"
"19500","0.11871269516646862","0.11871269516646862","0.11871269516646862"
"19600","0.11969448752701282","0.11969448752701282","0.11969448752701282"
"19700","0.12042732425034046","0.12042732425034046","0.12042732425034046"
"19800","0.11814046919345855","0.11814046919345855","0.11814046919345855"
"19900","0.11829045057296753","0.11829045057296753","0.11829045057296753"
"20000","0.11998380243778228","0.11998380243778228","0.11998380243778228"
"20100","0.11704418905079365","0.11704418905079365","0.11704418905079365"
"20200","0.11685246869921684","0.11685246869921684","0.11685246869921684"
"20300","0.11907818354666233","0.11907818354666233","0.11907818354666233"
"20400","0.12189996309578419","0.12189996309578419","0.12189996309578419"
"20500","0.11866917215287685","0.11866917215287685","0.11866917215287685"
"20600","0.11877266004681587","0.11877266004681587","0.11877266004681587"
"20700","0.1193157172203064","0.1193157172203064","0.1193157172203064"
"20800","0.11685041218996048","0.11685041218996048","0.11685041218996048"
"20900","0.12130096279084683","0.12130096279084683","0.12130096279084683"
"21000","0.11927298948168755","0.11927298948168755","0.11927298948168755"
"21100","0.11565824538469315","0.11565824538469315","0.11565824538469315"
"21200","0.11710004396736622","0.11710004396736622","0.11710004396736622"
"21300","0.11784571677446365","0.11784571677446365","0.11784571677446365"
"21400","0.11814024560153484","0.11814024560153484","0.11814024560153484"
"21500","0.11675819709897041","0.11675819709897041","0.11675819709897041"
"21600","0.11532847367227078","0.11532847367227078","0.11532847367227078"
"21700","0.11715887904167176","0.11715887904167176","0.11715887904167176"
"21800","0.11776980139315128","0.11776980139315128","0.11776980139315128"
"21900","0.11930425353348255","0.11930425353348255","0.11930425353348255"
"22000","0.11809001930058002","0.11809001930058002","0.11809001930058002"
"22100","0.11656730271875858","0.11656730271875858","0.11656730271875858"
"22200","0.11751530036330222","0.11751530036330222","0.11751530036330222"
"22300","0.11800682842731476","0.11800682842731476","0.11800682842731476"
"22400","0.11645919099450111","0.11645919099450111","0.11645919099450111"
"22500","0.11551421262323856","0.11551421262323856","0.11551421262323856"
"22600","0.1161137393862009","0.1161137393862009","0.1161137393862009"
"22700","0.11755090445280075","0.11755090445280075","0.11755090445280075"
"22800","0.11610046043992042","0.11610046043992042","0.11610046043992042"
"22900","0.11761343345046044","0.11761343345046044","0.11761343345046044"
"23000","0.1192634316533804","0.1192634316533804","0.1192634316533804"
"23100","0.11704501293599606","0.11704501293599606","0.11704501293599606"
"23200","0.11483564883470536","0.11483564883470536","0.11483564883470536"
"23300","0.1151996324956417","0.1151996324956417","0.1151996324956417"
"23400","0.11666073769330979","0.11666073769330979","0.11666073769330979"
"23500","0.11427785046398639","0.11427785046398639","0.11427785046398639"
"23600","0.11551926769316197","0.11551926769316197","0.11551926769316197"
"23700","0.11556690767407417","0.11556690767407417","0.11556690767407417"
"23800","0.11787741802632809","0.11787741802632809","0.11787741802632809"
"23900","0.11637555621564388","0.11637555621564388","0.11637555621564388"
"24000","0.11626824885606765","0.11626824885606765","0.11626824885606765"
"24100","0.1191436606645584","0.1191436606645584","0.1191436606645584"
"24200","0.11733493149280548","0.11733493149280548","0.11733493149280548"
"24300","0.11617192052304745","0.11617192052304745","0.11617192052304745"
"24400","0.11705767959356309","0.11705767959356309","0.11705767959356309"
"24500","0.1165878875553608","0.1165878875553608","0.1165878875553608"
"24600","0.11518058426678181","0.11518058426678181","0.11518058426678181"
"24700","0.11370287530124187","0.11370287530124187","0.11370287530124187"
"24800","0.11479966282844543","0.11479966282844543","0.11479966282844543"
"24900","0.11340062588453292","0.11340062588453292","0.11340062588453292"
"25000","0.11442617781460285","0.11442617781460285","0.11442617781460285"
"25100","0.1140695920586586","0.1140695920586586","0.1140695920586586"
"25200","0.11107835151255131","0.11107835151255131","0.11107835151255131"
"25300","0.11427292846143246","0.11427292846143246","0.11427292846143246"
"25400","0.11459375821053981","0.11459375821053981","0.11459375821053981"
"25500","0.1122264689952135","0.1122264689952135","0.1122264689952135"
"25600","0.1152959006279707","0.1152959006279707","0.1152959006279707"
"25700","0.10967131555080414","0.10967131555080414","0.10967131555080414"
"25800","0.11131933160126209","0.11131933160126209","0.11131933160126209"
"25900","0.11377835385501385","0.11377835385501385","0.11377835385501385"
"26000","0.11415661349892617","0.11415661349892617","0.11415661349892617"
"26100","0.11252206787467003","0.11252206787467003","0.11252206787467003"
"26200","0.11315294049680233","0.11315294049680233","0.11315294049680233"
"26300","0.11343389093875884","0.11343389093875884","0.11343389093875884"
"26400","0.11512874729931355","0.11512874729931355","0.11512874729931355"
"26500","0.11589518591761588","0.11589518591761588","0.11589518591761588"
"26600","0.11209628507494926","0.11209628507494926","0.11209628507494926"
"26700","0.1127121789008379","0.1127121789008379","0.1127121789008379"
"26800","0.11385134585201741","0.11385134585201741","0.11385134585201741"
"26900","0.1132855176180601","0.1132855176180601","0.1132855176180601"
"27000","0.11420844368636608","0.11420844368636608","0.11420844368636608"
"27100","0.11112470477819443","0.11112470477819443","0.11112470477819443"
"27200","0.1149965588748455","0.1149965588748455","0.1149965588748455"
"27300","0.11249798387289048","0.11249798387289048","0.11249798387289048"
"27400","0.11523451201617718","0.11523451201617718","0.11523451201617718"
"27500","0.1134115419536829","0.1134115419536829","0.1134115419536829"
"27600","0.112871248498559","0.112871248498559","0.112871248498559"
"27700","0.11355844333767891","0.11355844333767891","0.11355844333767891"
"27800","0.11265536330640316","0.11265536330640316","0.11265536330640316"
"27900","0.11233707323670387","0.11233707323670387","0.11233707323670387"
"28000","0.11167861066758633","0.11167861066758633","0.11167861066758633"
"28100","0.11068937346339226","0.11068937346339226","0.11068937346339226"
"28200","0.11453154288232327","0.11453154288232327","0.11453154288232327"
"28300","0.11701440028846263","0.11701440028846263","0.11701440028846263"
"28400","0.1135521350055933","0.1135521350055933","0.1135521350055933"
"28500","0.11224128752946853","0.11224128752946853","0.11224128752946853"
"28600","0.11348138310015202","0.11348138310015202","0.11348138310015202"
"28700","0.1114018839597702","0.1114018839597702","0.1114018839597702"
"28800","0.1127755520492792","0.1127755520492792","0.1127755520492792"
"28900","0.11221305407583713","0.11221305407583713","0.11221305407583713"
"29000","0.11200533173978329","0.11200533173978329","0.11200533173978329"
"29100","0.11602386593818664","0.11602386593818664","0.11602386593818664"
"29200","0.11138535410165787","0.11138535410165787","0.11138535410165787"
"29300","0.11331491149961949","0.11331491149961949","0.11331491149961949"
"29400","0.11103998139500618","0.11103998139500618","0.11103998139500618"
"29500","0.11119785889983178","0.11119785889983178","0.11119785889983178"
"29600","0.11133668437600136","0.11133668437600136","0.11133668437600136"
"29700","0.11168716043233871","0.11168716043233871","0.11168716043233871"
"29800","0.11206929139792919","0.11206929139792919","0.11206929139792919"
"29900","0.1113913806527853","0.1113913806527853","0.1113913806527853"
"30000","0.11402256436645984","0.11402256436645984","0.11402256436645984"
"30100","0.10989839985966682","0.10989839985966682","0.10989839985966682"
"30200","0.11099399507045746","0.11099399507045746","0.11099399507045746"
"30300","0.11203831873834133","0.11203831873834133","0.11203831873834133"
"30400","0.10974779799580574","0.10974779799580574","0.10974779799580574"
"30500","0.11443248674273492","0.11443248674273492","0.11443248674273492"
"30600","0.11191458523273468","0.11191458523273468","0.11191458523273468"
"30700","0.11235723868012429","0.11235723868012429","0.11235723868012429"
"30800","0.11361369244754314","0.11361369244754314","0.11361369244754314"
"30900","0.11384767211973668","0.11384767211973668","0.11384767211973668"
"31000","0.11213676042854787","0.11213676042854787","0.11213676042854787"
"31100","0.11273973859846592","0.11273973859846592","0.11273973859846592"
"31200","0.11191638261079788","0.11191638261079788","0.11191638261079788"
"31300","0.11512669168412686","0.11512669168412686","0.11512669168412686"
"31400","0.10841106124222279","0.10841106124222279","0.10841106124222279"
"31500","0.10910896740853787","0.10910896740853787","0.10910896740853787"
"31600","0.11165458343923092","0.11165458343923092","0.11165458343923092"
"31700","0.10935624845325947","0.10935624845325947","0.10935624845325947"
"31800","0.11130638919770718","0.11130638919770718","0.11130638919770718"
"31900","0.11011471420526504","0.11011471420526504","0.11011471420526504"
"32000","0.10741896457970142","0.10741896457970142","0.10741896457970142"
"32100","0.11170358970761299","0.11170358970761299","0.11170358970761299"
"32200","0.11090548411011696","0.11090548411011696","0.11090548411011696"
"32300","0.11158780209720134","0.11158780209720134","0.11158780209720134"
"32400","0.11013519369065762","0.11013519369065762","0.11013519369065762"
"32500","0.10675298199057578","0.10675298199057578","0.10675298199057578"
"32600","0.11206655889749527","0.11206655889749527","0.11206655889749527"
"32700","0.10862724363803863","0.10862724363803863","0.10862724363803863"
"32800","0.11089750833809375","0.11089750833809375","0.11089750833809375"
"32900","0.10912922002375126","0.10912922002375126","0.10912922002375126"
"33000","0.10976537503302097","0.10976537503302097","0.10976537503302097"
"33100","0.11028432168066502","0.11028432168066502","0.11028432168066502"
"33200","0.10983546920120717","0.10983546920120717","0.10983546920120717"
"33300","0.11069758705794812","0.11069758705794812","0.11069758705794812"
"33400","0.10984016351401805","0.10984016351401805","0.10984016351401805"
"33500","0.11019219934940339","0.11019219934940339","0.11019219934940339"
"33600","0.10960483729839325","0.10960483729839325","0.10960483729839325"
"33700","0.10995513804256916","0.10995513804256916","0.10995513804256916"
"33800","0.11124872922897339","0.11124872922897339","0.11124872922897339"
"33900","0.11199209913611412","0.11199209913611412","0.11199209913611412"
"34000","0.108248658105731","0.108248658105731","0.108248658105731"
"34100","0.10964593172073364","0.10964593172073364","0.10964593172073364"
"34200","0.11109487742185592","0.11109487742185592","0.11109487742185592"
"34300","0.11157493382692336","0.11157493382692336","0.11157493382692336"
"34400","0.10932315140962601","0.10932315140962601","0.10932315140962601"
"34500","0.10743768990039826","0.10743768990039826","0.10743768990039826"
"34600","0.10664433032274247","0.10664433032274247","0.10664433032274247"
"34700","0.10667774207890034","0.10667774207890034","0.10667774207890034"
"34800","0.11018288485705853","0.11018288485705853","0.11018288485705853"
"34900","0.11177841737866402","0.11177841737866402","0.11177841737866402"
"35000","0.10912700988352299","0.10912700988352299","0.10912700988352299"
"35100","0.10783978328108787","0.10783978328108787","0.10783978328108787"
"35200","0.10645880609750748","0.10645880609750748","0.10645880609750748"
"35300","0.10881289348006248","0.10881289348006248","0.10881289348006248"
"35400","0.1088989632576704","0.1088989632576704","0.1088989632576704"
"35500","0.11040776684880256","0.11040776684880256","0.11040776684880256"
"35600","0.11007334232330322","0.11007334232330322","0.11007334232330322"
"35700","0.10845577575266362","0.10845577575266362","0.10845577575266362"
"35800","0.1071304302662611","0.1071304302662611","0.1071304302662611"
"35900","0.1094457108527422","0.1094457108527422","0.1094457108527422"
"36000","0.10672254957258702","0.10672254957258702","0.10672254957258702"
"36100","0.10642660453915596","0.10642660453915596","0.10642660453915596"
"36200","0.11130589224398137","0.11130589224398137","0.11130589224398137"
"36300","0.10729608923196793","0.10729608923196793","0.10729608923196793"
"36400","0.10832422070205211","0.10832422070205211","0.10832422070205211"
"36500","0.10642546005547046","0.10642546005547046","0.10642546005547046"
"36600","0.10715695917606353","0.10715695917606353","0.10715695917606353"
"36700","0.10410518243908883","0.10410518243908883","0.10410518243908883"
"36800","0.10803639382123947","0.10803639382123947","0.10803639382123947"
"36900","0.10688345424830914","0.10688345424830914","0.10688345424830914"
"37000","0.10866501361131668","0.10866501361131668","0.10866501361131668"
"37100","0.10590417943894863","0.10590417943894863","0.10590417943894863"
"37200","0.10829520121216774","0.10829520121216774","0.10829520121216774"
"37300","0.1063088534772396","0.1063088534772396","0.1063088534772396"
"37400","0.10535306341946125","0.10535306341946125","0.10535306341946125"
"37500","0.10709696531295776","0.10709696531295776","0.10709696531295776"
"37600","0.10904715061187745","0.10904715061187745","0.10904715061187745"
"37700","0.10657292366027832","0.10657292366027832","0.10657292366027832"
"37800","0.11050888009369374","0.11050888009369374","0.11050888009369374"
"37900","0.10884366452693939","0.10884366452693939","0.10884366452693939"
"38000","0.10784442238509655","0.10784442238509655","0.10784442238509655"
"38100","0.10885090999305248","0.10885090999305248","0.10885090999305248"
"38200","0.10664962455630303","0.10664962455630303","0.10664962455630303"
"38300","0.10591218061745167","0.10591218061745167","0.10591218061745167"
"38400","0.1043790240585804","0.1043790240585804","0.1043790240585804"
"38500","0.10818052224814892","0.10818052224814892","0.10818052224814892"
"38600","0.10818420872092246","0.10818420872092246","0.10818420872092246"
"38700","0.1075277280062437","0.1075277280062437","0.1075277280062437"
"38800","0.10789062634110451","0.10789062634110451","0.10789062634110451"
"38900","0.10600290313363075","0.10600290313363075","0.10600290313363075"
"39000","0.10513143606483936","0.10513143606483936","0.10513143606483936"
"39100","0.10761825151741505","0.10761825151741505","0.10761825151741505"
"39200","0.10687532052397727","0.10687532052397727","0.10687532052397727"
"39300","0.10716701999306678","0.10716701999306678","0.10716701999306678"
"39400","0.10814105249941348","0.10814105249941348","0.10814105249941348"
"39500","0.10872848711907863","0.10872848711907863","0.10872848711907863"
"39600","0.10628658793866634","0.10628658793866634","0.10628658793866634"
"39700","0.10767854757606983","0.10767854757606983","0.10767854757606983"
"39800","0.10568254485726357","0.10568254485726357","0.10568254485726357"
"39900","0.1056317737698555","0.1056317737698555","0.1056317737698555"
"40000","0.1063121473044157","0.1063121473044157","0.1063121473044157"
"40100","0.1058803953230381","0.1058803953230381","0.1058803953230381"
"40200","0.10771785147488117","0.10771785147488117","0.10771785147488117"
"40300","0.10651800006628037","0.10651800006628037","0.10651800006628037"
"40400","0.10659676283597946","0.10659676283597946","0.10659676283597946"
"40500","0.10707628458738327","0.10707628458738327","0.10707628458738327"
"40600","0.10813135795295238","0.10813135795295238","0.10813135795295238"
"40700","0.10646710902452469","0.10646710902452469","0.10646710902452469"
"40800","0.10596188068389893","0.10596188068389893","0.10596188068389893"
"40900","0.10456884749233723","0.10456884749233723","0.10456884749233723"
"41000","0.10700104631483555","0.10700104631483555","0.10700104631483555"
"41100","0.10341809570789337","0.10341809570789337","0.10341809570789337"
"41200","0.10604919612407684","0.10604919612407684","0.10604919612407684"
"41300","0.10497431620955468","0.10497431620955468","0.10497431620955468"
"41400","0.10745558552443982","0.10745558552443982","0.10745558552443982"
"41500","0.10558372877538204","0.10558372877538204","0.10558372877538204"
"41600","0.10594393409788609","0.10594393409788609","0.10594393409788609"
"41700","0.10593369841575623","0.10593369841575623","0.10593369841575623"
"41800","0.1085643957555294","0.1085643957555294","0.1085643957555294"
"41900","0.10591422602534294","0.10591422602534294","0.10591422602534294"
"42000","0.10648323401808739","0.10648323401808739","0.10648323401808739"
"42100","0.106763945966959","0.106763945966959","0.106763945966959"
"42200","0.10527948141098023","0.10527948141098023","0.10527948141098023"
"42300","0.10425291866064072","0.10425291866064072","0.10425291866064072"
"42400","0.10625404857099056","0.10625404857099056","0.10625404857099056"
"42500","0.10402976356446743","0.10402976356446743","0.10402976356446743"
"42600","0.10550020426511765","0.10550020426511765","0.10550020426511765"
"42700","0.10595063261687755","0.10595063261687755","0.10595063261687755"
"42800","0.10563921745866538","0.10563921745866538","0.10563921745866538"
"42900","0.10454013921320439","0.10454013921320439","0.10454013921320439"
"43000","0.1054435557872057","0.1054435557872057","0.1054435557872057"
"43100","0.10451804168522358","0.10451804168522358","0.10451804168522358"
"43200","0.10736818417906761","0.10736818417906761","0.10736818417906761"
"43300","0.10591570898890496","0.10591570898890496","0.10591570898890496"
"43400","0.1062183802574873","0.1062183802574873","0.1062183802574873"
"43500","0.10491410546004772","0.10491410546004772","0.10491410546004772"
"43600","0.10752771653234959","0.10752771653234959","0.10752771653234959"
"43700","0.1051932643353939","0.1051932643353939","0.1051932643353939"
"43800","0.10339947298169136","0.10339947298169136","0.10339947298169136"
"43900","0.10232901349663734","0.10232901349663734","0.10232901349663734"
"44000","0.10713048987090587","0.10713048987090587","0.10713048987090587"
"44100","0.10577613845467568","0.10577613845467568","0.10577613845467568"
"44200","0.10360991686582566","0.10360991686582566","0.10360991686582566"
"44300","0.10590622954070568","0.10590622954070568","0.10590622954070568"
"44400","0.10593579187989235","0.10593579187989235","0.10593579187989235"
"44500","0.10471820876002312","0.10471820876002312","0.10471820876002312"
"44600","0.10551694370806217","0.10551694370806217","0.10551694370806217"
"44700","0.10453218027949333","0.10453218027949333","0.10453218027949333"
"44800","0.10165917113423348","0.10165917113423348","0.10165917113423348"
"44900","0.10276585832238197","0.10276585832238197","0.10276585832238197"
"45000","0.10484075307846069","0.10484075307846069","0.10484075307846069"
"45100","0.10373769104480743","0.10373769104480743","0.10373769104480743"
"45200","0.10775300182402134","0.10775300182402134","0.10775300182402134"
"45300","0.103381317704916","0.103381317704916","0.103381317704916"
"45400","0.1039517243206501","0.1039517243206501","0.1039517243206501"
"45500","0.10553479835391044","0.10553479835391044","0.10553479835391044"
"45600","0.10162433885037898","0.10162433885037898","0.10162433885037898"
"45700","0.1057935769855976","0.1057935769855976","0.1057935769855976"
"45800","0.10387624435126781","0.10387624435126781","0.10387624435126781"
"45900","0.10521372601389885","0.10521372601389885","0.10521372601389885"
"46000","0.10061764277517796","0.10061764277517796","0.10061764277517796"
"46100","0.10234671495854855","0.10234671495854855","0.10234671495854855"
"46200","0.10137713499367237","0.10137713499367237","0.10137713499367237"
"46300","0.10222140669822694","0.10222140669822694","0.10222140669822694"
"46400","0.10593860425055027","0.10593860425055027","0.10593860425055027"
"46500","0.10333801217377186","0.10333801217377186","0.10333801217377186"
"46600","0.10601265698671342","0.10601265698671342","0.10601265698671342"
"46700","0.10650245912373066","0.10650245912373066","0.10650245912373066"
"46800","0.10471037730574607","0.10471037730574607","0.10471037730574607"
"46900","0.10279518522322179","0.10279518522322179","0.10279518522322179"
"47000","0.10596161246299744","0.10596161246299744","0.10596161246299744"
"47100","0.10600708656013012","0.10600708656013012","0.10600708656013012"
"47200","0.1054539416730404","0.1054539416730404","0.1054539416730404"
"47300","0.10134097162634134","0.10134097162634134","0.10134097162634134"
"47400","0.10319643281400204","0.10319643281400204","0.10319643281400204"
"47500","0.10353238776326179","0.10353238776326179","0.10353238776326179"
"47600","0.10527621656656265","0.10527621656656265","0.10527621656656265"
"47700","0.1039441616088152","0.1039441616088152","0.1039441616088152"
"47800","0.10265745826065541","0.10265745826065541","0.10265745826065541"
"47900","0.10405684135854244","0.10405684135854244","0.10405684135854244"
"48000","0.10328267253935337","0.10328267253935337","0.10328267253935337"
"48100","0.10469492964446545","0.10469492964446545","0.10469492964446545"
"48200","0.10441814728081227","0.10441814728081227","0.10441814728081227"
"48300","0.10495557136833668","0.10495557136833668","0.10495557136833668"
"48400","0.10368871502578259","0.10368871502578259","0.10368871502578259"
"48500","0.10459395416080952","0.10459395416080952","0.10459395416080952"
"48600","0.10298027127981185","0.10298027127981185","0.10298027127981185"
"48700","0.10554114542901516","0.10554114542901516","0.10554114542901516"
"48800","0.1012203349173069","0.1012203349173069","0.1012203349173069"
"48900","0.10504497818648816","0.10504497818648816","0.10504497818648816"
"49000","0.10294659860432148","0.10294659860432148","0.10294659860432148"
"49100","0.10432263888418675","0.10432263888418675","0.10432263888418675"
"49200","0.1039897394925356","0.1039897394925356","0.1039897394925356"
"49300","0.10296771407127381","0.10296771407127381","0.10296771407127381"
"49400","0.1023213129490614","0.1023213129490614","0.1023213129490614"
"49500","0.10080039642751216","0.10080039642751216","0.10080039642751216"
"49600","0.102738391533494","0.102738391533494","0.102738391533494"
"49700","0.10364113904535771","0.10364113904535771","0.10364113904535771"
"49800","0.10643669784069061","0.10643669784069061","0.10643669784069061"
"49900","0.10234936751425266","0.10234936751425266","0.10234936751425266"
"50000","0.10342969179153443","0.10342969179153443","0.10342969179153443"
"50100","0.09936854377388954","0.09936854377388954","0.09936854377388954"
"50200","0.10137144558131694","0.10137144558131694","0.10137144558131694"
"50300","0.10124308235943318","0.10124308235943318","0.10124308235943318"
"50400","0.10261016264557839","0.10261016264557839","0.10261016264557839"
"50500","0.10262811943888664","0.10262811943888664","0.10262811943888664"
"50600","0.10268170550465584","0.10268170550465584","0.10268170550465584"
"50700","0.10274332515895367","0.10274332515895367","0.10274332515895367"
"50800","0.10260014809668064","0.10260014809668064","0.10260014809668064"
"50900","0.10103690035641194","0.10103690035641194","0.10103690035641194"
"51000","0.10245505027472973","0.10245505027472973","0.10245505027472973"
"51100","0.09958360239863395","0.09958360239863395","0.09958360239863395"
"51200","0.10318478055298329","0.10318478055298329","0.10318478055298329"
"51300","0.10094519495964051","0.10094519495964051","0.10094519495964051"
"51400","0.10133507899940014","0.10133507899940014","0.10133507899940014"
"51500","0.10152245789766312","0.10152245789766312","0.10152245789766312"
"51600","0.10238065458834171","0.10238065458834171","0.10238065458834171"
"51700","0.10138250000774861","0.10138250000774861","0.10138250000774861"
"51800","0.10025217182934285","0.10025217182934285","0.10025217182934285"
"51900","0.09875391781330109","0.09875391781330109","0.09875391781330109"
"52000","0.10218337677419186","0.10218337677419186","0.10218337677419186"
"52100","0.1034099156409502","0.1034099156409502","0.1034099156409502"
"52200","0.09981925457715989","0.09981925457715989","0.09981925457715989"
"52300","0.10238904848694802","0.10238904848694802","0.10238904848694802"
"52400","0.10487379979342222","0.10487379979342222","0.10487379979342222"
"52500","0.10199815534055233","0.10199815534055233","0.10199815534055233"
"52600","0.10112345829606056","0.10112345829606056","0.10112345829606056"
"52700","0.10090304128825664","0.10090304128825664","0.10090304128825664"
"52800","0.10049234829843044","0.10049234829843044","0.10049234829843044"
"52900","0.10184724114835263","0.10184724114835263","0.10184724114835263"
"53000","0.10146976202726364","0.10146976202726364","0.10146976202726364"
"53100","0.09894188910722733","0.09894188910722733","0.09894188910722733"
"53200","0.10595706187188625","0.10595706187188625","0.10595706187188625"
"53300","0.10055734403431416","0.10055734403431416","0.10055734403431416"
"53400","0.10278468497097493","0.10278468497097493","0.10278468497097493"
"53500","0.1006822071224451","0.1006822071224451","0.1006822071224451"
"53600","0.10104620091617107","0.10104620091617107","0.10104620091617107"
"53700","0.1021636564284563","0.1021636564284563","0.1021636564284563"
"53800","0.10239034622907639","0.10239034622907639","0.10239034622907639"
"53900","0.10210744127631187","0.10210744127631187","0.10210744127631187"
"54000","0.09945357836782932","0.09945357836782932","0.09945357836782932"
"54100","0.10201564610004425","0.10201564610004425","0.10201564610004425"
"54200","0.10027875162661076","0.10027875162661076","0.10027875162661076"
"54300","0.09848264038562775","0.09848264038562775","0.09848264038562775"
"54400","0.10056784264743328","0.10056784264743328","0.10056784264743328"
"54500","0.0999292267858982","0.0999292267858982","0.0999292267858982"
"54600","0.10103386588394642","0.10103386588394642","0.10103386588394642"
"54700","0.09680583864450455","0.09680583864450455","0.09680583864450455"
"54800","0.10315215513110161","0.10315215513110161","0.10315215513110161"
"54900","0.10154802039265633","0.10154802039265633","0.10154802039265633"
"55000","0.10324831187725067","0.10324831187725067","0.10324831187725067"
"55100","0.10007528036832809","0.10007528036832809","0.10007528036832809"
"55200","0.09937145322561264","0.09937145322561264","0.09937145322561264"
"55300","0.10077151745557784","0.10077151745557784","0.10077151745557784"
"55400","0.10153412193059921","0.10153412193059921","0.10153412193059921"
"55500","0.10145295329391957","0.10145295329391957","0.10145295329391957"
"55600","0.1014289304614067","0.1014289304614067","0.1014289304614067"
"55700","0.1016659428924322","0.1016659428924322","0.1016659428924322"
"55800","0.09859593227505684","0.09859593227505684","0.09859593227505684"
"55900","0.09956412374973297","0.09956412374973297","0.09956412374973297"
"56000","0.09864348322153091","0.09864348322153091","0.09864348322153091"
"56100","0.10058916330337525","0.10058916330337525","0.10058916330337525"
"56200","0.10032033875584602","0.10032033875584602","0.10032033875584602"
"56300","0.10056014221161604","0.10056014221161604","0.10056014221161604"
"56400","0.10194495864212513","0.10194495864212513","0.10194495864212513"
"56500","0.09979815796017646","0.09979815796017646","0.09979815796017646"
"56600","0.09891945391893386","0.09891945391893386","0.09891945391893386"
"56700","0.10026253685355187","0.10026253685355187","0.10026253685355187"
"56800","0.09895804584026337","0.09895804584026337","0.09895804584026337"
"56900","0.09840073093771934","0.09840073093771934","0.09840073093771934"
"57000","0.09835011765360832","0.09835011765360832","0.09835011765360832"
"57100","0.10152939915657043","0.10152939915657043","0.10152939915657043"
"57200","0.10273837886750697","0.10273837886750697","0.10273837886750697"
"57300","0.10020385093986989","0.10020385093986989","0.10020385093986989"
"57400","0.09992433235049247","0.09992433235049247","0.09992433235049247"
"57500","0.09969760477542877","0.09969760477542877","0.09969760477542877"
"57600","0.09964537799358368","0.09964537799358368","0.09964537799358368"
"57700","0.09937268517911434","0.09937268517911434","0.09937268517911434"
"57800","0.09860744729638099","0.09860744729638099","0.09860744729638099"
"57900","0.09999959580600262","0.09999959580600262","0.09999959580600262"
"58000","0.10119998604059219","0.10119998604059219","0.10119998604059219"
"58100","0.09947830237448216","0.09947830237448216","0.09947830237448216"
"58200","0.10115879312157632","0.10115879312157632","0.10115879312157632"
"58300","0.09755311723798514","0.09755311723798514","0.09755311723798514"
"58400","0.1002819199860096","0.1002819199860096","0.1002819199860096"
"58500","0.10020940333604812","0.10020940333604812","0.10020940333604812"
"58600","0.10002503998577594","0.10002503998577594","0.10002503998577594"
"58700","0.09954150669276714","0.09954150669276714","0.09954150669276714"
"58800","0.09805819429457188","0.09805819429457188","0.09805819429457188"
"58900","0.09836727634072304","0.09836727634072304","0.09836727634072304"
"59000","0.10132251903414727","0.10132251903414727","0.10132251903414727"
"59100","0.09942699305713176","0.09942699305713176","0.09942699305713176"
"59200","0.09811766877770424","0.09811766877770424","0.09811766877770424"
"59300","0.09891235582530498","0.09891235582530498","0.09891235582530498"
"59400","0.09865794748067856","0.09865794748067856","0.09865794748067856"
"59500","0.09784432649612426","0.09784432649612426","0.09784432649612426"
"59600","0.10142716608941554","0.10142716608941554","0.10142716608941554"
"59700","0.10178500980138779","0.10178500980138779","0.10178500980138779"
"59800","0.09794312424957752","0.09794312424957752","0.09794312424957752"
"59900","0.10028913103044033","0.10028913103044033","0.10028913103044033"
"60000","0.09740950591862202","0.09740950591862202","0.09740950591862202"
"60100","0.10022190064191819","0.10022190064191819","0.10022190064191819"
"60200","0.09833609633147716","0.09833609633147716","0.09833609633147716"
"60300","0.10210702486336232","0.10210702486336232","0.10210702486336232"
"60400","0.10095115549862385","0.10095115549862385","0.10095115549862385"
"60500","0.1026229340583086","0.1026229340583086","0.1026229340583086"
"60600","0.09764336235821247","0.09764336235821247","0.09764336235821247"
"60700","0.09989797957241535","0.09989797957241535","0.09989797957241535"
"60800","0.1001969437301159","0.1001969437301159","0.1001969437301159"
"60900","0.10219577759504318","0.10219577759504318","0.10219577759504318"
"61000","0.09787691108882428","0.09787691108882428","0.09787691108882428"
"61100","0.09837318886071443","0.09837318886071443","0.09837318886071443"
"61200","0.09948930874466896","0.09948930874466896","0.09948930874466896"
"61300","0.09911914601922035","0.09911914601922035","0.09911914601922035"
"61400","0.10113433785736561","0.10113433785736561","0.10113433785736561"
"61500","0.09942921295762062","0.09942921295762062","0.09942921295762062"
"61600","0.09719137832522393","0.09719137832522393","0.09719137832522393"
"61700","0.09877969570457935","0.09877969570457935","0.09877969570457935"
"61800","0.10012915141880513","0.10012915141880513","0.10012915141880513"
"61900","0.09682528473436833","0.09682528473436833","0.09682528473436833"
"62000","0.09735897794365883","0.09735897794365883","0.09735897794365883"
"62100","0.09911547534167767","0.09911547534167767","0.09911547534167767"
"62200","0.1012334729731083","0.1012334729731083","0.1012334729731083"
"62300","0.09625450387597084","0.09625450387597084","0.09625450387597084"
"62400","0.09786304913461208","0.09786304913461208","0.09786304913461208"
"62500","0.09713785618543624","0.09713785618543624","0.09713785618543624"
"62600","0.09820755682885647","0.09820755682885647","0.09820755682885647"
"62700","0.09676427140831947","0.09676427140831947","0.09676427140831947"
"62800","0.09762117967009544","0.09762117967009544","0.09762117967009544"
"62900","0.09784057348966599","0.09784057348966599","0.09784057348966599"
"63000","0.09862880758941174","0.09862880758941174","0.09862880758941174"
"63100","0.09988321647047997","0.09988321647047997","0.09988321647047997"
"63200","0.0945202413201332","0.0945202413201332","0.0945202413201332"
"63300","0.09688955318182707","0.09688955318182707","0.09688955318182707"
"63400","0.09757416494190693","0.09757416494190693","0.09757416494190693"
"63500","0.09844720855355263","0.09844720855355263","0.09844720855355263"
"63600","0.09857194706797599","0.09857194706797599","0.09857194706797599"
"63700","0.09825219683349133","0.09825219683349133","0.09825219683349133"
"63800","0.09832142472267151","0.09832142472267151","0.09832142472267151"
"63900","0.09849500842392445","0.09849500842392445","0.09849500842392445"
"64000","0.09778453834354878","0.09778453834354878","0.09778453834354878"
"64100","0.09673723109066486","0.09673723109066486","0.09673723109066486"
"64200","0.0983553858846426","0.0983553858846426","0.0983553858846426"
"64300","0.09866376176476478","0.09866376176476478","0.09866376176476478"
"64400","0.09733509801328183","0.09733509801328183","0.09733509801328183"
"64500","0.09956244662404061","0.09956244662404061","0.09956244662404061"
"64600","0.09469263829290867","0.09469263829290867","0.09469263829290867"
"64700","0.09837540455162525","0.09837540455162525","0.09837540455162525"
"64800","0.09987825535237789","0.09987825535237789","0.09987825535237789"
"64900","0.09784551963210106","0.09784551963210106","0.09784551963210106"
"65000","0.0993745169788599","0.0993745169788599","0.0993745169788599"
"65100","0.09833162762224675","0.09833162762224675","0.09833162762224675"
"65200","0.09666056975722313","0.09666056975722313","0.09666056975722313"
"65300","0.09809773631393909","0.09809773631393909","0.09809773631393909"
"65400","0.09740490309894084","0.09740490309894084","0.09740490309894084"
"65500","0.0982180441915989","0.0982180441915989","0.0982180441915989"
"65600","0.09501536682248116","0.09501536682248116","0.09501536682248116"
"65700","0.09731782518327237","0.09731782518327237","0.09731782518327237"
"65800","0.09791545771062374","0.09791545771062374","0.09791545771062374"
"65900","0.09853166051208972","0.09853166051208972","0.09853166051208972"
"66000","0.09992873840034008","0.09992873840034008","0.09992873840034008"
"66100","0.09811522364616394","0.09811522364616394","0.09811522364616394"
"66200","0.09745891831815243","0.09745891831815243","0.09745891831815243"
"66300","0.09480066187679767","0.09480066187679767","0.09480066187679767"
"66400","0.09866402037441731","0.09866402037441731","0.09866402037441731"
"66500","0.09723247684538365","0.09723247684538365","0.09723247684538365"
"66600","0.09767874017357826","0.09767874017357826","0.09767874017357826"
"66700","0.09893154174089432","0.09893154174089432","0.09893154174089432"
"66800","0.0976892001926899","0.0976892001926899","0.0976892001926899"
"66900","0.09549948178231717","0.09549948178231717","0.09549948178231717"
"67000","0.0975367083400488","0.0975367083400488","0.0975367083400488"
"67100","0.09683574467897416","0.09683574467897416","0.09683574467897416"
"67200","0.0985091520100832","0.0985091520100832","0.0985091520100832"
"67300","0.09923831142485141","0.09923831142485141","0.09923831142485141"
"67400","0.09619051493704318","0.09619051493704318","0.09619051493704318"
"67500","0.09721807688474655","0.09721807688474655","0.09721807688474655"
"67600","0.09723598681390286","0.09723598681390286","0.09723598681390286"
"67700","0.09859912469983101","0.09859912469983101","0.09859912469983101"
"67800","0.0960656525939703","0.0960656525939703","0.0960656525939703"
"67900","0.09658086217939854","0.09658086217939854","0.09658086217939854"
"68000","0.09636142328381539","0.09636142328381539","0.09636142328381539"
"68100","0.09428091526031494","0.09428091526031494","0.09428091526031494"
"68200","0.09624146655201912","0.09624146655201912","0.09624146655201912"
"68300","0.09895520359277725","0.09895520359277725","0.09895520359277725"
"68400","0.09505326204001903","0.09505326204001903","0.09505326204001903"
"68500","0.09517801076173782","0.09517801076173782","0.09517801076173782"
"68600","0.09578439000993967","0.09578439000993967","0.09578439000993967"
"68700","0.0982319612801075","0.0982319612801075","0.0982319612801075"
"68800","0.09816344760358334","0.09816344760358334","0.09816344760358334"
"68900","0.09514188833534717","0.09514188833534717","0.09514188833534717"
"69000","0.09980268105864525","0.09980268105864525","0.09980268105864525"
"69100","0.09810773901641369","0.09810773901641369","0.09810773901641369"
"69200","0.09787156000733375","0.09787156000733375","0.09787156000733375"
"69300","0.09618128906935454","0.09618128906935454","0.09618128906935454"
"69400","0.09691111296415329","0.09691111296415329","0.09691111296415329"
"69500","0.09517953142523766","0.09517953142523766","0.09517953142523766"
"69600","0.09539654865860939","0.09539654865860939","0.09539654865860939"
"69700","0.0972673948854208","0.0972673948854208","0.0972673948854208"
"69800","0.09681057758629322","0.09681057758629322","0.09681057758629322"
"69900","0.09711947739124298","0.09711947739124298","0.09711947739124298"
"70000","0.09856345310807228","0.09856345310807228","0.09856345310807228"
"70100","0.09900528952479362","0.09900528952479362","0.09900528952479362"
"70200","0.09736794739961624","0.09736794739961624","0.09736794739961624"
"70300","0.09417251825332641","0.09417251825332641","0.09417251825332641"
"70400","0.0969015284627676","0.0969015284627676","0.0969015284627676"
"70500","0.09824535913765431","0.09824535913765431","0.09824535913765431"
"70600","0.09768453888595104","0.09768453888595104","0.09768453888595104"
"70700","0.09666377328336238","0.09666377328336238","0.09666377328336238"
"70800","0.09720361329615117","0.09720361329615117","0.09720361329615117"
"70900","0.09768612340092658","0.09768612340092658","0.09768612340092658"
"71000","0.09642820812761783","0.09642820812761783","0.09642820812761783"
"71100","0.09488318592309952","0.09488318592309952","0.09488318592309952"
"71200","0.0954758332669735","0.0954758332669735","0.0954758332669735"
"71300","0.09880828097462654","0.09880828097462654","0.09880828097462654"
"71400","0.09534224338829517","0.09534224338829517","0.09534224338829517"
"71500","0.09652385219931603","0.09652385219931603","0.09652385219931603"
"71600","0.09475710570812225","0.09475710570812225","0.09475710570812225"
"71700","0.0953152247518301","0.0953152247518301","0.0953152247518301"
"71800","0.09611545942723751","0.09611545942723751","0.09611545942723751"
"71900","0.095749866142869","0.095749866142869","0.095749866142869"
"72000","0.0961359141767025","0.0961359141767025","0.0961359141767025"
"72100","0.09311902418732643","0.09311902418732643","0.09311902418732643"
"72200","0.09812056735157966","0.09812056735157966","0.09812056735157966"
"72300","0.0956011801958084","0.0956011801958084","0.0956011801958084"
"72400","0.09570864327251911","0.09570864327251911","0.09570864327251911"
"72500","0.09409391231834889","0.09409391231834889","0.09409391231834889"
"72600","0.09828757502138614","0.09828757502138614","0.09828757502138614"
"72700","0.09668934248387813","0.09668934248387813","0.09668934248387813"
"72800","0.09477820746600628","0.09477820746600628","0.09477820746600628"
"72900","0.09503461301326752","0.09503461301326752","0.09503461301326752"
"73000","0.09500277549028396","0.09500277549028396","0.09500277549028396"
"73100","0.09803399331867695","0.09803399331867695","0.09803399331867695"
"73200","0.09540599126368761","0.09540599126368761","0.09540599126368761"
"73300","0.09881077237427234","0.09881077237427234","0.09881077237427234"
"73400","0.09648454762995243","0.09648454762995243","0.09648454762995243"
"73500","0.09425767585635185","0.09425767585635185","0.09425767585635185"
"73600","0.09556517288088799","0.09556517288088799","0.09556517288088799"
"73700","0.0943241323530674","0.0943241323530674","0.0943241323530674"
"73800","0.09693266242742539","0.09693266242742539","0.09693266242742539"
"73900","0.0966668675839901","0.0966668675839901","0.0966668675839901"
"74000","0.09595350399613381","0.09595350399613381","0.09595350399613381"
"74100","0.09434768527746201","0.09434768527746201","0.09434768527746201"
"74200","0.09466085940599442","0.09466085940599442","0.09466085940599442"
"74300","0.09418127909302712","0.09418127909302712","0.09418127909302712"
"74400","0.09329381294548511","0.09329381294548511","0.09329381294548511"
"74500","0.09563560239970684","0.09563560239970684","0.09563560239970684"
"74600","0.09513275302946568","0.09513275302946568","0.09513275302946568"
"74700","0.0959011198580265","0.0959011198580265","0.0959011198580265"
"74800","0.09749537408351898","0.09749537408351898","0.09749537408351898"
"74900","0.09438991740345955","0.09438991740345955","0.09438991740345955"
"75000","0.09641450360417365","0.09641450360417365","0.09641450360417365"
"75100","0.09553481176495553","0.09553481176495553","0.09553481176495553"
"75200","0.09658244594931603","0.09658244594931603","0.09658244594931603"
"75300","0.09430925846099854","0.09430925846099854","0.09430925846099854"
"75400","0.09433260329067707","0.09433260329067707","0.09433260329067707"
"75500","0.09402703359723091","0.09402703359723091","0.09402703359723091"
"75600","0.09422816015779972","0.09422816015779972","0.09422816015779972"
"75700","0.09685742527246476","0.09685742527246476","0.09685742527246476"
"75800","0.09411882236599922","0.09411882236599922","0.09411882236599922"
"75900","0.09244632579386235","0.09244632579386235","0.09244632579386235"
"76000","0.09610003009438514","0.09610003009438514","0.09610003009438514"
"76100","0.09522023007273674","0.09522023007273674","0.09522023007273674"
"76200","0.0929008512943983","0.0929008512943983","0.0929008512943983"
"76300","0.09491798460483551","0.09491798460483551","0.09491798460483551"
"76400","0.0949912916868925","0.0949912916868925","0.0949912916868925"
"76500","0.09540388859808445","0.09540388859808445","0.09540388859808445"
"76600","0.09567855015397071","0.09567855015397071","0.09567855015397071"
"76700","0.09287563789635897","0.09287563789635897","0.09287563789635897"
"76800","0.09474440239369869","0.09474440239369869","0.09474440239369869"
"76900","0.09297738440334796","0.09297738440334796","0.09297738440334796"
"77000","0.09785649210214614","0.09785649210214614","0.09785649210214614"
"77100","0.09388133473694324","0.09388133473694324","0.09388133473694324"
"77200","0.09398022472858429","0.09398022472858429","0.09398022472858429"
"77300","0.09381979346275329","0.09381979346275329","0.09381979346275329"
"77400","0.09583664737641812","0.09583664737641812","0.09583664737641812"
"77500","0.09598404385149478","0.09598404385149478","0.09598404385149478"
"77600","0.09436514504253864","0.09436514504253864","0.09436514504253864"
"77700","0.09224095925688744","0.09224095925688744","0.09224095925688744"
"77800","0.09613651804625988","0.09613651804625988","0.09613651804625988"
"77900","0.09453602954745292","0.09453602954745292","0.09453602954745292"
"78000","0.09334640011191368","0.09334640011191368","0.09334640011191368"
"78100","0.09406126409769058","0.09406126409769058","0.09406126409769058"
"78200","0.0954869270324707","0.0954869270324707","0.0954869270324707"
"78300","0.09345159888267517","0.09345159888267517","0.09345159888267517"
"78400","0.09403673939406872","0.09403673939406872","0.09403673939406872"
"78500","0.09449063122272491","0.09449063122272491","0.09449063122272491"
"78600","0.09660839185118675","0.09660839185118675","0.09660839185118675"
"78700","0.09522979341447353","0.09522979341447353","0.09522979341447353"
"78800","0.0950106892734766","0.0950106892734766","0.0950106892734766"
"78900","0.09510086797177791","0.09510086797177791","0.09510086797177791"
"79000","0.0960794673115015","0.0960794673115015","0.0960794673115015"
"79100","0.0948933432251215","0.0948933432251215","0.0948933432251215"
"79200","0.09335673347115517","0.09335673347115517","0.09335673347115517"
"79300","0.09298000805079937","0.09298000805079937","0.09298000805079937"
"79400","0.09335512094199658","0.09335512094199658","0.09335512094199658"
"79500","0.09339001543819904","0.09339001543819904","0.09339001543819904"
"79600","0.09379166588187218","0.09379166588187218","0.09379166588187218"
"79700","0.09668429270386696","0.09668429270386696","0.09668429270386696"
"79800","0.09409340687096118","0.09409340687096118","0.09409340687096118"
"79900","0.09163940120488405","0.09163940120488405","0.09163940120488405"
"80000","0.09264112152159214","0.09264112152159214","0.09264112152159214"
"80100","0.09428767055273056","0.09428767055273056","0.09428767055273056"
"80200","0.09441836070269347","0.09441836070269347","0.09441836070269347"
"80300","0.09511828012764453","0.09511828012764453","0.09511828012764453"
"80400","0.09419455796480179","0.09419455796480179","0.09419455796480179"
"80500","0.09377340409904718","0.09377340409904718","0.09377340409904718"
"80600","0.09577908881008625","0.09577908881008625","0.09577908881008625"
"80700","0.09473036043345928","0.09473036043345928","0.09473036043345928"
"80800","0.09422755990177394","0.09422755990177394","0.09422755990177394"
"80900","0.09514058008790016","0.09514058008790016","0.09514058008790016"
"81000","0.0949681169912219","0.0949681169912219","0.0949681169912219"
"81100","0.09155864328145981","0.09155864328145981","0.09155864328145981"
"81200","0.09561709880828857","0.09561709880828857","0.09561709880828857"
"81300","0.09311889313161373","0.09311889313161373","0.09311889313161373"
"81400","0.09799392282962799","0.09799392282962799","0.09799392282962799"
"81500","0.09262091301381588","0.09262091301381588","0.09262091301381588"
"81600","0.09256726883351803","0.09256726883351803","0.09256726883351803"
"81700","0.09327897995710373","0.09327897995710373","0.09327897995710373"
"81800","0.09709057293832302","0.09709057293832302","0.09709057293832302"
"81900","0.09257943771779537","0.09257943771779537","0.09257943771779537"
"82000","0.09340954832732677","0.09340954832732677","0.09340954832732677"
"82100","0.09493573687970638","0.09493573687970638","0.09493573687970638"
"82200","0.0946243866533041","0.0946243866533041","0.0946243866533041"
"82300","0.09395145386457443","0.09395145386457443","0.09395145386457443"
"82400","0.0921893759444356","0.0921893759444356","0.0921893759444356"
"82500","0.09160608813166618","0.09160608813166618","0.09160608813166618"
"82600","0.09315216310322284","0.09315216310322284","0.09315216310322284"
"82700","0.09522306971251965","0.09522306971251965","0.09522306971251965"
"82800","0.09459324039518834","0.09459324039518834","0.09459324039518834"
"82900","0.09156868875026702","0.09156868875026702","0.09156868875026702"
"83000","0.09081396728754043","0.09081396728754043","0.09081396728754043"
"83100","0.09250899080187082","0.09250899080187082","0.09250899080187082"
"83200","0.09234742049127817","0.09234742049127817","0.09234742049127817"
"83300","0.09340778172016144","0.09340778172016144","0.09340778172016144"
"83400","0.091755725517869","0.091755725517869","0.091755725517869"
"83500","0.09269044347107411","0.09269044347107411","0.09269044347107411"
"83600","0.09189442720264196","0.09189442720264196","0.09189442720264196"
"83700","0.09407642517238855","0.09407642517238855","0.09407642517238855"
"83800","0.0931871298700571","0.0931871298700571","0.0931871298700571"
"83900","0.09138891629874707","0.09138891629874707","0.09138891629874707"
"84000","0.09384564489126206","0.09384564489126206","0.09384564489126206"
"84100","0.09094046887010336","0.09094046887010336","0.09094046887010336"
"84200","0.09349881522357464","0.09349881522357464","0.09349881522357464"
"84300","0.09346755124628543","0.09346755124628543","0.09346755124628543"
"84400","0.09213999852538109","0.09213999852538109","0.09213999852538109"
"84500","0.09271554738283157","0.09271554738283157","0.09271554738283157"
"84600","0.09541233032941818","0.09541233032941818","0.09541233032941818"
"84700","0.09322697192430496","0.09322697192430496","0.09322697192430496"
"84800","0.0930687652528286","0.0930687652528286","0.0930687652528286"
"84900","0.0934964632242918","0.0934964632242918","0.0934964632242918"
"85000","0.09125351276248693","0.09125351276248693","0.09125351276248693"
"85100","0.0921719254553318","0.0921719254553318","0.0921719254553318"
"85200","0.09407145462930203","0.09407145462930203","0.09407145462930203"
"85300","0.09628811724483967","0.09628811724483967","0.09628811724483967"
"85400","0.09365706950426102","0.09365706950426102","0.09365706950426102"
"85500","0.09386729549616575","0.09386729549616575","0.09386729549616575"
"85600","0.0919436126947403","0.0919436126947403","0.0919436126947403"
"85700","0.09438113030046225","0.09438113030046225","0.09438113030046225"
"85800","0.09264007933437825","0.09264007933437825","0.09264007933437825"
"85900","0.0928233041614294","0.0928233041614294","0.0928233041614294"
"86000","0.0927873245626688","0.0927873245626688","0.0927873245626688"
"86100","0.093998137190938","0.093998137190938","0.093998137190938"
"86200","0.09306239038705826","0.09306239038705826","0.09306239038705826"
"86300","0.09311791747808457","0.09311791747808457","0.09311791747808457"
"86400","0.09350749060511589","0.09350749060511589","0.09350749060511589"
"86500","0.09287927061319351","0.09287927061319351","0.09287927061319351"
"86600","0.09071197725832462","0.09071197725832462","0.09071197725832462"
"86700","0.09549484126269818","0.09549484126269818","0.09549484126269818"
"86800","0.09146801747381687","0.09146801747381687","0.09146801747381687"
"86900","0.09407506935298443","0.09407506935298443","0.09407506935298443"
"87000","0.09146466918289661","0.09146466918289661","0.09146466918289661"
"87100","0.09135924272239208","0.09135924272239208","0.09135924272239208"
"87200","0.09457357123494148","0.09457357123494148","0.09457357123494148"
"87300","0.09313440419733525","0.09313440419733525","0.09313440419733525"
"87400","0.0927838333696127","0.0927838333696127","0.0927838333696127"
"87500","0.09486184746026993","0.09486184746026993","0.09486184746026993"
"87600","0.09434392862021923","0.09434392862021923","0.09434392862021923"
"87700","0.09281595811247825","0.09281595811247825","0.09281595811247825"
"87800","0.09170633658766747","0.09170633658766747","0.09170633658766747"
"87900","0.0939828223362565","0.0939828223362565","0.0939828223362565"
"88000","0.09283336896449328","0.09283336896449328","0.09283336896449328"
"88100","0.09273192048072815","0.09273192048072815","0.09273192048072815"
"88200","0.09280532773584127","0.09280532773584127","0.09280532773584127"
"88300","0.0902014633268118","0.0902014633268118","0.0902014633268118"
"88400","0.08995776236057282","0.08995776236057282","0.08995776236057282"
"88500","0.09275128930807114","0.09275128930807114","0.09275128930807114"
"88600","0.09006244499236345","0.09006244499236345","0.09006244499236345"
"88700","0.09267777845263481","0.09267777845263481","0.09267777845263481"
"88800","0.09231832958757877","0.09231832958757877","0.09231832958757877"
"88900","0.0925717057287693","0.0925717057287693","0.0925717057287693"
"89000","0.09175679117441177","0.09175679117441177","0.09175679117441177"
"89100","0.09102055124938488","0.09102055124938488","0.09102055124938488"
"89200","0.0931703594326973","0.0931703594326973","0.0931703594326973"
"89300","0.09261037778109311","0.09261037778109311","0.09261037778109311"
"89400","0.09238937325775623","0.09238937325775623","0.09238937325775623"
"89500","0.09225150644779205","0.09225150644779205","0.09225150644779205"
"89600","0.09220387272536755","0.09220387272536755","0.09220387272536755"
"89700","0.0922154313325882","0.0922154313325882","0.0922154313325882"
"89800","0.0953290905803442","0.0953290905803442","0.0953290905803442"
"89900","0.09182549066841603","0.09182549066841603","0.09182549066841603"
"90000","0.09121802531182766","0.09121802531182766","0.09121802531182766"
"90100","0.09492691494524479","0.09492691494524479","0.09492691494524479"
"90200","0.09408601317554713","0.09408601317554713","0.09408601317554713"
"90300","0.09470098990947008","0.09470098990947008","0.09470098990947008"
"90400","0.09007429908961058","0.09007429908961058","0.09007429908961058"
"90500","0.09170663721859455","0.09170663721859455","0.09170663721859455"
"90600","0.09031990207731724","0.09031990207731724","0.09031990207731724"
"90700","0.09238296411931515","0.09238296411931515","0.09238296411931515"
"90800","0.08969625607132911","0.08969625607132911","0.08969625607132911"
"90900","0.09477999709546565","0.09477999709546565","0.09477999709546565"
"91000","0.09376223921775818","0.09376223921775818","0.09376223921775818"
"91100","0.09201076671481133","0.09201076671481133","0.09201076671481133"
"91200","0.09259017944335937","0.09259017944335937","0.09259017944335937"
"91300","0.09068581465631724","0.09068581465631724","0.09068581465631724"
"91400","0.0914649261534214","0.0914649261534214","0.0914649261534214"
"91500","0.0914295195043087","0.0914295195043087","0.0914295195043087"
"91600","0.09137941412627697","0.09137941412627697","0.09137941412627697"
"91700","0.09208543740212917","0.09208543740212917","0.09208543740212917"
"91800","0.09322999615222216","0.09322999615222216","0.09322999615222216"
"91900","0.09115343935787677","0.09115343935787677","0.09115343935787677"
"92000","0.09243503868579865","0.09243503868579865","0.09243503868579865"
"92100","0.09032740205526352","0.09032740205526352","0.09032740205526352"
"92200","0.09290501177310943","0.09290501177310943","0.09290501177310943"
"92300","0.09326276533305645","0.09326276533305645","0.09326276533305645"
"92400","0.09489023000001907","0.09489023000001907","0.09489023000001907"
"92500","0.09034115094691515","0.09034115094691515","0.09034115094691515"
"92600","0.09218910556286573","0.09218910556286573","0.09218910556286573"
"92700","0.09214018922299147","0.09214018922299147","0.09214018922299147"
"92800","0.0920509409159422","0.0920509409159422","0.0920509409159422"
"92900","0.09137149110436439","0.09137149110436439","0.09137149110436439"
"93000","0.09124705858528614","0.09124705858528614","0.09124705858528614"
"93100","0.09330114826560021","0.09330114826560021","0.09330114826560021"
"93200","0.09160185135900974","0.09160185135900974","0.09160185135900974"
"93300","0.0925953933596611","0.0925953933596611","0.0925953933596611"
"93400","0.0913209342956543","0.0913209342956543","0.0913209342956543"
"93500","0.09363442189991474","0.09363442189991474","0.09363442189991474"
"93600","0.08849933579564094","0.08849933579564094","0.08849933579564094"
"93700","0.09093307137489319","0.09093307137489319","0.09093307137489319"
"93800","0.09175714634358884","0.09175714634358884","0.09175714634358884"
"93900","0.09179330714046956","0.09179330714046956","0.09179330714046956"
"94000","0.09402790755033492","0.09402790755033492","0.09402790755033492"
"94100","0.09047084018588065","0.09047084018588065","0.09047084018588065"
"94200","0.08690384440124035","0.08690384440124035","0.08690384440124035"
"94300","0.0897421694546938","0.0897421694546938","0.0897421694546938"
"94400","0.0896967140212655","0.0896967140212655","0.0896967140212655"
"94500","0.09442206602543593","0.09442206602543593","0.09442206602543593"
"94600","0.09316042747348546","0.09316042747348546","0.09316042747348546"
"94700","0.09302936300635338","0.09302936300635338","0.09302936300635338"
"94800","0.09127528831362725","0.09127528831362725","0.09127528831362725"
"94900","0.08972775775939226","0.08972775775939226","0.08972775775939226"
"95000","0.08989523537456989","0.08989523537456989","0.08989523537456989"
"95100","0.09263848420232534","0.09263848420232534","0.09263848420232534"
"95200","0.09365958169102669","0.09365958169102669","0.09365958169102669"
"95300","0.09073967605829239","0.09073967605829239","0.09073967605829239"
"95400","0.08919471971690655","0.08919471971690655","0.08919471971690655"
"95500","0.09017330281436443","0.09017330281436443","0.09017330281436443"
"95600","0.09349220022559165","0.09349220022559165","0.09349220022559165"
"95700","0.09170624859631062","0.09170624859631062","0.09170624859631062"
"95800","0.09311521403491498","0.09311521403491498","0.09311521403491498"
"95900","0.09296633765101432","0.09296633765101432","0.09296633765101432"
"96000","0.08842304944992066","0.08842304944992066","0.08842304944992066"
"96100","0.09029028862714768","0.09029028862714768","0.09029028862714768"
"96200","0.0900249383598566","0.0900249383598566","0.0900249383598566"
"96300","0.09078412178903818","0.09078412178903818","0.09078412178903818"
"96400","0.09038528699427843","0.09038528699427843","0.09038528699427843"
"96500","0.08929973512887955","0.08929973512887955","0.08929973512887955"
"96600","0.08923510804772378","0.08923510804772378","0.08923510804772378"
"96700","0.08822598561644554","0.08822598561644554","0.08822598561644554"
"96800","0.0913152415305376","0.0913152415305376","0.0913152415305376"
"96900","0.0919387473538518","0.0919387473538518","0.0919387473538518"
"97000","0.09164016976952553","0.09164016976952553","0.09164016976952553"
"97100","0.09331328690052032","0.09331328690052032","0.09331328690052032"
"97200","0.089233885332942","0.089233885332942","0.089233885332942"
"97300","0.0896111972630024","0.0896111972630024","0.0896111972630024"
"97400","0.0938166992366314","0.0938166992366314","0.0938166992366314"
"97500","0.09019152618944645","0.09019152618944645","0.09019152618944645"
"97600","0.0874586071819067","0.0874586071819067","0.0874586071819067"
"97700","0.0915245145559311","0.0915245145559311","0.0915245145559311"
"97800","0.09151968844234944","0.09151968844234944","0.09151968844234944"
"97900","0.0927501430362463","0.0927501430362463","0.0927501430362463"
"98000","0.09006861466914415","0.09006861466914415","0.09006861466914415"
"98100","0.0915593895316124","0.0915593895316124","0.0915593895316124"
"98200","0.09211173571646214","0.09211173571646214","0.09211173571646214"
"98300","0.08930323898792267","0.08930323898792267","0.08930323898792267"
"98400","0.08996311411261558","0.08996311411261558","0.08996311411261558"
"98500","0.08695483669638633","0.08695483669638633","0.08695483669638633"
"98600","0.08992987900972366","0.08992987900972366","0.08992987900972366"
"98700","0.09513538099825382","0.09513538099825382","0.09513538099825382"
"98800","0.08935104876756668","0.08935104876756668","0.08935104876756668"
"98900","0.08918037850409746","0.08918037850409746","0.08918037850409746"
"99000","0.09297007389366627","0.09297007389366627","0.09297007389366627"
"99100","0.09237787008285522","0.09237787008285522","0.09237787008285522"
"99200","0.0915729784220457","0.0915729784220457","0.0915729784220457"
"99300","0.08938956886529922","0.08938956886529922","0.08938956886529922"
"99400","0.08977020919322967","0.08977020919322967","0.08977020919322967"
"99500","0.09022108286619186","0.09022108286619186","0.09022108286619186"
"99600","0.088925312012434","0.088925312012434","0.088925312012434"
"99700","0.09013166487216949","0.09013166487216949","0.09013166487216949"
"99800","0.09002111282199621","0.09002111282199621","0.09002111282199621"
"99900","0.09136954188346863","0.09136954188346863","0.09136954188346863"
"100000","0.0900976002216339","0.0900976002216339","0.0900976002216339"
"100100","0.09239105612039566","0.09239105612039566","0.09239105612039566"
"100200","0.094420494325459","0.094420494325459","0.094420494325459"
"100300","0.09081642307341099","0.09081642307341099","0.09081642307341099"
"100400","0.0900623345375061","0.0900623345375061","0.0900623345375061"
"100500","0.0912386143952608","0.0912386143952608","0.0912386143952608"
"100600","0.09186534877866506","0.09186534877866506","0.09186534877866506"
"100700","0.08904146619141101","0.08904146619141101","0.08904146619141101"
"100800","0.0916067161783576","0.0916067161783576","0.0916067161783576"
"100900","0.09027964740991593","0.09027964740991593","0.09027964740991593"
"101000","0.08980083741247653","0.08980083741247653","0.08980083741247653"
"101100","0.08975253961980342","0.08975253961980342","0.08975253961980342"
"101200","0.08667777247726917","0.08667777247726917","0.08667777247726917"
"101300","0.09048972897231579","0.09048972897231579","0.09048972897231579"
"101400","0.09048489153385163","0.09048489153385163","0.09048489153385163"
"101500","0.08859594482928515","0.08859594482928515","0.08859594482928515"
"101600","0.09162737168371678","0.09162737168371678","0.09162737168371678"
"101700","0.09009424667805434","0.09009424667805434","0.09009424667805434"
"101800","0.09271847508847714","0.09271847508847714","0.09271847508847714"
"101900","0.09141672633588314","0.09141672633588314","0.09141672633588314"
"102000","0.09046937339007854","0.09046937339007854","0.09046937339007854"
"102100","0.08987277157604695","0.08987277157604695","0.08987277157604695"
"102200","0.09145263612270355","0.09145263612270355","0.09145263612270355"
"102300","0.08911990270018577","0.08911990270018577","0.08911990270018577"
"102400","0.09138227880001068","0.09138227880001068","0.09138227880001068"
"102500","0.09215318337082863","0.09215318337082863","0.09215318337082863"
"102600","0.08990128505975008","0.08990128505975008","0.08990128505975008"
"102700","0.0899742541089654","0.0899742541089654","0.0899742541089654"
"102800","0.09053909070789815","0.09053909070789815","0.09053909070789815"
"102900","0.08740617029368877","0.08740617029368877","0.08740617029368877"
"103000","0.09079498492181301","0.09079498492181301","0.09079498492181301"
"103100","0.0897157857939601","0.0897157857939601","0.0897157857939601"
"103200","0.0903041148558259","0.0903041148558259","0.0903041148558259"
"103300","0.08804582484066487","0.08804582484066487","0.08804582484066487"
"103400","0.09023569159209728","0.09023569159209728","0.09023569159209728"
"103500","0.08805641405284405","0.08805641405284405","0.08805641405284405"
"103600","0.0882638868689537","0.0882638868689537","0.0882638868689537"
"103700","0.09062052942812443","0.09062052942812443","0.09062052942812443"
"103800","0.09190733730792999","0.09190733730792999","0.09190733730792999"
"103900","0.08916158247739077","0.08916158247739077","0.08916158247739077"
"104000","0.09090903747826815","0.09090903747826815","0.09090903747826815"
"104100","0.08818157121539116","0.08818157121539116","0.08818157121539116"
"104200","0.09157594241201877","0.09157594241201877","0.09157594241201877"
"104300","0.08816048659384251","0.08816048659384251","0.08816048659384251"
"104400","0.09101967610418797","0.09101967610418797","0.09101967610418797"
"104500","0.0887697121873498","0.0887697121873498","0.0887697121873498"
"104600","0.08881021395325661","0.08881021395325661","0.08881021395325661"
"104700","0.0905236429348588","0.0905236429348588","0.0905236429348588"
"104800","0.08945442616939545","0.08945442616939545","0.08945442616939545"
"104900","0.08956807851791382","0.08956807851791382","0.08956807851791382"
"105000","0.08819495160132647","0.08819495160132647","0.08819495160132647"
"105100","0.08840745337307453","0.08840745337307453","0.08840745337307453"
"105200","0.08931360349059105","0.08931360349059105","0.08931360349059105"
"105300","0.09031537298113107","0.09031537298113107","0.09031537298113107"
"105400","0.0917879330739379","0.0917879330739379","0.0917879330739379"
"105500","0.08838053807616233","0.08838053807616233","0.08838053807616233"
"105600","0.0872173958271742","0.0872173958271742","0.0872173958271742"
"105700","0.08897359073162078","0.08897359073162078","0.08897359073162078"
"105800","0.08863928001374007","0.08863928001374007","0.08863928001374007"
"105900","0.08909512434154748","0.08909512434154748","0.08909512434154748"
"106000","0.09003048941493035","0.09003048941493035","0.09003048941493035"
"106100","0.08803856089711189","0.08803856089711189","0.08803856089711189"
"106200","0.09168627142906188","0.09168627142906188","0.09168627142906188"
"106300","0.09237588599324226","0.09237588599324226","0.09237588599324226"
"106400","0.08936718814074993","0.08936718814074993","0.08936718814074993"
"106500","0.08998735044151544","0.08998735044151544","0.08998735044151544"
"106600","0.0886116984114051","0.0886116984114051","0.0886116984114051"
"106700","0.08885952524840832","0.08885952524840832","0.08885952524840832"
"106800","0.09045067477971315","0.09045067477971315","0.09045067477971315"
"106900","0.0915975145995617","0.0915975145995617","0.0915975145995617"
"107000","0.09004137866199016","0.09004137866199016","0.09004137866199016"
"107100","0.09078958451747894","0.09078958451747894","0.09078958451747894"
"107200","0.08888293534517289","0.08888293534517289","0.08888293534517289"
"107300","0.08836741387844085","0.08836741387844085","0.08836741387844085"
"107400","0.0895944906026125","0.0895944906026125","0.0895944906026125"
"107500","0.09187745727598667","0.09187745727598667","0.09187745727598667"
"107600","0.08960895158350468","0.08960895158350468","0.08960895158350468"
"107700","0.09417944144457578","0.09417944144457578","0.09417944144457578"
"107800","0.08884390853345395","0.08884390853345395","0.08884390853345395"
"107900","0.08923769906163216","0.08923769906163216","0.08923769906163216"
"108000","0.09079669795930385","0.09079669795930385","0.09079669795930385"
"108100","0.09034143142402172","0.09034143142402172","0.09034143142402172"
"108200","0.08859626546502114","0.08859626546502114","0.08859626546502114"
"108300","0.09100815124809741","0.09100815124809741","0.09100815124809741"
"108400","0.09119209539145232","0.09119209539145232","0.09119209539145232"
"108500","0.08833238326013088","0.08833238326013088","0.08833238326013088"
"108600","0.08941952124238015","0.08941952124238015","0.08941952124238015"
"108700","0.09094297386705875","0.09094297386705875","0.09094297386705875"
"108800","0.08990644376724959","0.08990644376724959","0.08990644376724959"
"108900","0.09026826992630958","0.09026826992630958","0.09026826992630958"
"109000","0.0883894457668066","0.0883894457668066","0.0883894457668066"
"109100","0.0925633292645216","0.0925633292645216","0.0925633292645216"
"109200","0.08909626409411431","0.08909626409411431","0.08909626409411431"
"109300","0.09155772045254708","0.09155772045254708","0.09155772045254708"
"109400","0.08967853710055351","0.08967853710055351","0.08967853710055351"
"109500","0.09019749782979489","0.09019749782979489","0.09019749782979489"
"109600","0.08920597389340401","0.08920597389340401","0.08920597389340401"
"109700","0.08794154655188322","0.08794154655188322","0.08794154655188322"
"109800","0.09007014632225037","0.09007014632225037","0.09007014632225037"
"109900","0.09135698057711124","0.09135698057711124","0.09135698057711124"
"110000","0.09066334381699562","0.09066334381699562","0.09066334381699562"
"110100","0.09072444871068001","0.09072444871068001","0.09072444871068001"
"110200","0.08687909096479415","0.08687909096479415","0.08687909096479415"
"110300","0.08910711608827114","0.08910711608827114","0.08910711608827114"
"110400","0.08939472168684005","0.08939472168684005","0.08939472168684005"
"110500","0.08432426299899816","0.08432426299899816","0.08432426299899816"
"110600","0.09033146418631077","0.09033146418631077","0.09033146418631077"
"110700","0.08983055349439382","0.08983055349439382","0.08983055349439382"
"110800","0.08958362091332674","0.08958362091332674","0.08958362091332674"
"110900","0.08850247256457805","0.08850247256457805","0.08850247256457805"
"111000","0.08957760497927665","0.08957760497927665","0.08957760497927665"
"111100","0.08832854814827443","0.08832854814827443","0.08832854814827443"
"111200","0.08877816997468471","0.08877816997468471","0.08877816997468471"
"111300","0.08851614091545343","0.08851614091545343","0.08851614091545343"
"111400","0.0879528783261776","0.0879528783261776","0.0879528783261776"
"111500","0.08754302125424146","0.08754302125424146","0.08754302125424146"
"111600","0.08900452133268118","0.08900452133268118","0.08900452133268118"
"111700","0.08965272974222899","0.08965272974222899","0.08965272974222899"
"111800","0.08878956165164709","0.08878956165164709","0.08878956165164709"
"111900","0.08816367417573928","0.08816367417573928","0.08816367417573928"
"112000","0.08953996252268553","0.08953996252268553","0.08953996252268553"
"112100","0.0895750144124031","0.0895750144124031","0.0895750144124031"
"112200","0.08709990590810776","0.08709990590810776","0.08709990590810776"
"112300","0.08866668708622455","0.08866668708622455","0.08866668708622455"
"112400","0.08768580220639706","0.08768580220639706","0.08768580220639706"
"112500","0.0872949305921793","0.0872949305921793","0.0872949305921793"
"112600","0.08859585106372833","0.08859585106372833","0.08859585106372833"
"112700","0.08642687201499939","0.08642687201499939","0.08642687201499939"
"112800","0.08670241355895997","0.08670241355895997","0.08670241355895997"
"112900","0.08709020640701055","0.08709020640701055","0.08709020640701055"
"113000","0.08906644128262997","0.08906644128262997","0.08906644128262997"
"113100","0.0883334219828248","0.0883334219828248","0.0883334219828248"
"113200","0.089023911729455","0.089023911729455","0.089023911729455"
"113300","0.08963486600667238","0.08963486600667238","0.08963486600667238"
"113400","0.09122156631201506","0.09122156631201506","0.09122156631201506"
"113500","0.08846315018832683","0.08846315018832683","0.08846315018832683"
"113600","0.0886293175816536","0.0886293175816536","0.0886293175816536"
"113700","0.08816994700580835","0.08816994700580835","0.08816994700580835"
"113800","0.08725781232118607","0.08725781232118607","0.08725781232118607"
"113900","0.09061775289475918","0.09061775289475918","0.09061775289475918"
"114000","0.09144053265452384","0.09144053265452384","0.09144053265452384"
"114100","0.08705841552466154","0.08705841552466154","0.08705841552466154"
"114200","0.08876638863235713","0.08876638863235713","0.08876638863235713"
"114300","0.08851363096386194","0.08851363096386194","0.08851363096386194"
"114400","0.08720791436731816","0.08720791436731816","0.08720791436731816"
"114500","0.09039867408573628","0.09039867408573628","0.09039867408573628"
"114600","0.08999865524470806","0.08999865524470806","0.08999865524470806"
"114700","0.08729196675121784","0.08729196675121784","0.08729196675121784"
"114800","0.08927881561219692","0.08927881561219692","0.08927881561219692"
"114900","0.08555800996720792","0.08555800996720792","0.08555800996720792"
"115000","0.08732102569192648","0.08732102569192648","0.08732102569192648"
"115100","0.08808889999985695","0.08808889999985695","0.08808889999985695"
"115200","0.08993748310953378","0.08993748310953378","0.08993748310953378"
"115300","0.08771133087575436","0.08771133087575436","0.08771133087575436"
"115400","0.08869011826813221","0.08869011826813221","0.08869011826813221"
"115500","0.08818738006055354","0.08818738006055354","0.08818738006055354"
"115600","0.08636176858097315","0.08636176858097315","0.08636176858097315"
"115700","0.08796042826026679","0.08796042826026679","0.08796042826026679"
"115800","0.08575645603239536","0.08575645603239536","0.08575645603239536"
"115900","0.08919865515083075","0.08919865515083075","0.08919865515083075"
"116000","0.08960585899651051","0.08960585899651051","0.08960585899651051"
"116100","0.08860700860619546","0.08860700860619546","0.08860700860619546"
"116200","0.08876406207680702","0.08876406207680702","0.08876406207680702"
"116300","0.0874535271152854","0.0874535271152854","0.0874535271152854"
"116400","0.08901802740991116","0.08901802740991116","0.08901802740991116"
"116500","0.08735141620039939","0.08735141620039939","0.08735141620039939"
"116600","0.08532247863709927","0.08532247863709927","0.08532247863709927"
"116700","0.08760872349143028","0.08760872349143028","0.08760872349143028"
"116800","0.08849807262420654","0.08849807262420654","0.08849807262420654"
"116900","0.08878903597593307","0.08878903597593307","0.08878903597593307"
"117000","0.08776925124228001","0.08776925124228001","0.08776925124228001"
"117100","0.08789216570556163","0.08789216570556163","0.08789216570556163"
"117200","0.08790717855095863","0.08790717855095863","0.08790717855095863"
"117300","0.08830542996525764","0.08830542996525764","0.08830542996525764"
"117400","0.0907084983214736","0.0907084983214736","0.0907084983214736"
"117500","0.08586697317659855","0.08586697317659855","0.08586697317659855"
"117600","0.08984391864389181","0.08984391864389181","0.08984391864389181"
"117700","0.08677084863185883","0.08677084863185883","0.08677084863185883"
"117800","0.0864438522607088","0.0864438522607088","0.0864438522607088"
"117900","0.08732907194644213","0.08732907194644213","0.08732907194644213"
"118000","0.08893854167312383","0.08893854167312383","0.08893854167312383"
"118100","0.08701251335442066","0.08701251335442066","0.08701251335442066"
"118200","0.0876496683433652","0.0876496683433652","0.0876496683433652"
"118300","0.08889185100793838","0.08889185100793838","0.08889185100793838"
"118400","0.08952545437961817","0.08952545437961817","0.08952545437961817"
"118500","0.08720565006136895","0.08720565006136895","0.08720565006136895"
"118600","0.08847153306007385","0.08847153306007385","0.08847153306007385"
"118700","0.08654280103743077","0.08654280103743077","0.08654280103743077"
"118800","0.09189236231148243","0.09189236231148243","0.09189236231148243"
"118900","0.0898787209391594","0.0898787209391594","0.0898787209391594"
"119000","0.08702624313533307","0.08702624313533307","0.08702624313533307"
"119100","0.0868917941302061","0.0868917941302061","0.0868917941302061"
"119200","0.0863073730096221","0.0863073730096221","0.0863073730096221"
"119300","0.08782798171043396","0.08782798171043396","0.08782798171043396"
"119400","0.08913464404642582","0.08913464404642582","0.08913464404642582"
"119500","0.08802557803690433","0.08802557803690433","0.08802557803690433"
"119600","0.08683649055659771","0.08683649055659771","0.08683649055659771"
"119700","0.08906735811382532","0.08906735811382532","0.08906735811382532"
"119800","0.08872010044753552","0.08872010044753552","0.08872010044753552"
"119900","0.08816694520413876","0.08816694520413876","0.08816694520413876"
"120000","0.08780662976205349","0.08780662976205349","0.08780662976205349"
"120100","0.08639880228787661","0.08639880228787661","0.08639880228787661"
"120200","0.08719280783087015","0.08719280783087015","0.08719280783087015"
"120300","0.09103070694953203","0.09103070694953203","0.09103070694953203"
"120400","0.08402865998446941","0.08402865998446941","0.08402865998446941"
"120500","0.08750294800847769","0.08750294800847769","0.08750294800847769"
"120600","0.08659879878163337","0.08659879878163337","0.08659879878163337"
"120700","0.0881506323814392","0.0881506323814392","0.0881506323814392"
"120800","0.08474538762122392","0.08474538762122392","0.08474538762122392"
"120900","0.08901371724903584","0.08901371724903584","0.08901371724903584"
"121000","0.08742931451648474","0.08742931451648474","0.08742931451648474"
"121100","0.08750113014131784","0.08750113014131784","0.08750113014131784"
"121200","0.08920253179967404","0.08920253179967404","0.08920253179967404"
"121300","0.08965765535831452","0.08965765535831452","0.08965765535831452"
"121400","0.0873261860013008","0.0873261860013008","0.0873261860013008"
"121500","0.08699594490230084","0.08699594490230084","0.08699594490230084"
"121600","0.08648015722632409","0.08648015722632409","0.08648015722632409"
"121700","0.08814005643129348","0.08814005643129348","0.08814005643129348"
"121800","0.08545745186507701","0.08545745186507701","0.08545745186507701"
"121900","0.0881655379384756","0.0881655379384756","0.0881655379384756"
"122000","0.08799614191055298","0.08799614191055298","0.08799614191055298"
"122100","0.08621951010078192","0.08621951010078192","0.08621951010078192"
"122200","0.08648316081613303","0.08648316081613303","0.08648316081613303"
"122300","0.08838426306843758","0.08838426306843758","0.08838426306843758"
"122400","0.08567513156682253","0.08567513156682253","0.08567513156682253"
"122500","0.0874561121314764","0.0874561121314764","0.0874561121314764"
"122600","0.08693542562425137","0.08693542562425137","0.08693542562425137"
"122700","0.08928072210401297","0.08928072210401297","0.08928072210401297"
"122800","0.085997808650136","0.085997808650136","0.085997808650136"
"122900","0.08658693421632052","0.08658693421632052","0.08658693421632052"
"123000","0.08745269566774368","0.08745269566774368","0.08745269566774368"
"123100","0.08808737188577652","0.08808737188577652","0.08808737188577652"
"123200","0.08474168621003628","0.08474168621003628","0.08474168621003628"
"123300","0.08758958131074905","0.08758958131074905","0.08758958131074905"
"123400","0.08692980632185936","0.08692980632185936","0.08692980632185936"
"123500","0.08918195746839047","0.08918195746839047","0.08918195746839047"
"123600","0.08720820792019367","0.08720820792019367","0.08720820792019367"
"123700","0.0873469915241003","0.0873469915241003","0.0873469915241003"
"123800","0.08532490383833646","0.08532490383833646","0.08532490383833646"
"123900","0.08604471407830715","0.08604471407830715","0.08604471407830715"
"124000","0.08695003777742386","0.08695003777742386","0.08695003777742386"
"124100","0.08823092393577099","0.08823092393577099","0.08823092393577099"
"124200","0.08666927918791771","0.08666927918791771","0.08666927918791771"
"124300","0.08820656213909388","0.08820656213909388","0.08820656213909388"
"124400","0.08791528187692166","0.08791528187692166","0.08791528187692166"
"124500","0.08828040581196546","0.08828040581196546","0.08828040581196546"
"124600","0.08594215612858534","0.08594215612858534","0.08594215612858534"
"124700","0.08771582312881947","0.08771582312881947","0.08771582312881947"
"124800","0.0883549428731203","0.0883549428731203","0.0883549428731203"
"124900","0.08734661415219307","0.08734661415219307","0.08734661415219307"
"125000","0.08822788570076227","0.08822788570076227","0.08822788570076227"
"125100","0.08779087886214257","0.08779087886214257","0.08779087886214257"
"125200","0.08725375443696975","0.08725375443696975","0.08725375443696975"
"125300","0.08781605698168278","0.08781605698168278","0.08781605698168278"
"125400","0.08677188955247402","0.08677188955247402","0.08677188955247402"
"125500","0.0874490575864911","0.0874490575864911","0.0874490575864911"
"125600","0.08577832456678153","0.08577832456678153","0.08577832456678153"
"125700","0.08728594832122326","0.08728594832122326","0.08728594832122326"
"125800","0.0879295801743865","0.0879295801743865","0.0879295801743865"
"125900","0.08566355891525745","0.08566355891525745","0.08566355891525745"
"126000","0.08999191470444202","0.08999191470444202","0.08999191470444202"
"126100","0.08684168793261052","0.08684168793261052","0.08684168793261052"
"126200","0.08673446021974086","0.08673446021974086","0.08673446021974086"
"126300","0.08733758598566055","0.08733758598566055","0.08733758598566055"
"126400","0.08831038180738687","0.08831038180738687","0.08831038180738687"
"126500","0.08720704227685928","0.08720704227685928","0.08720704227685928"
"126600","0.08668356321752071","0.08668356321752071","0.08668356321752071"
"126700","0.08756969470530748","0.08756969470530748","0.08756969470530748"
"126800","0.08685190089046955","0.08685190089046955","0.08685190089046955"
"126900","0.08460404053330421","0.08460404053330421","0.08460404053330421"
"127000","0.0889863684028387","0.0889863684028387","0.0889863684028387"
"127100","0.08591581184417009","0.08591581184417009","0.08591581184417009"
"127200","0.08423408918082714","0.08423408918082714","0.08423408918082714"
"127300","0.08445543460547925","0.08445543460547925","0.08445543460547925"
"127400","0.08855543725192547","0.08855543725192547","0.08855543725192547"
"127500","0.08489720314741135","0.08489720314741135","0.08489720314741135"
"127600","0.08624014437198639","0.08624014437198639","0.08624014437198639"
"127700","0.0851688513159752","0.0851688513159752","0.0851688513159752"
"127800","0.08624913681298495","0.08624913681298495","0.08624913681298495"
"127900","0.08773753829300404","0.08773753829300404","0.08773753829300404"
"128000","0.08912323877215385","0.08912323877215385","0.08912323877215385"
"128100","0.08614596344530583","0.08614596344530583","0.08614596344530583"
"128200","0.08807150680571794","0.08807150680571794","0.08807150680571794"
"128300","0.0858658816665411","0.0858658816665411","0.0858658816665411"
"128400","0.08892435513436794","0.08892435513436794","0.08892435513436794"
"128500","0.08571707911789417","0.08571707911789417","0.08571707911789417"
"128600","0.08732747711241245","0.08732747711241245","0.08732747711241245"
"128700","0.08857180692255497","0.08857180692255497","0.08857180692255497"
"128800","0.08705204967409372","0.08705204967409372","0.08705204967409372"
"128900","0.08742177926003933","0.08742177926003933","0.08742177926003933"
"129000","0.08485640466213226","0.08485640466213226","0.08485640466213226"
"129100","0.08423637639731169","0.08423637639731169","0.08423637639731169"
"129200","0.0840838347002864","0.0840838347002864","0.0840838347002864"
"129300","0.08756083808839321","0.08756083808839321","0.08756083808839321"
"129400","0.08711012363433839","0.08711012363433839","0.08711012363433839"
"129500","0.08343396909534931","0.08343396909534931","0.08343396909534931"
"129600","0.08247935954481363","0.08247935954481363","0.08247935954481363"
"129700","0.08744338613003493","0.08744338613003493","0.08744338613003493"
"129800","0.08454021878540516","0.08454021878540516","0.08454021878540516"
"129900","0.08588542867451907","0.08588542867451907","0.08588542867451907"
"130000","0.0832705532386899","0.0832705532386899","0.0832705532386899"
"130100","0.0873282603546977","0.0873282603546977","0.0873282603546977"
"130200","0.08419247645884752","0.08419247645884752","0.08419247645884752"
"130300","0.08627154123038054","0.08627154123038054","0.08627154123038054"
"130400","0.08654160402715207","0.08654160402715207","0.08654160402715207"
"130500","0.08712609570473433","0.08712609570473433","0.08712609570473433"
"130600","0.08648589685559273","0.08648589685559273","0.08648589685559273"
"130700","0.08864105850458145","0.08864105850458145","0.08864105850458145"
"130800","0.08669005993753671","0.08669005993753671","0.08669005993753671"
"130900","0.08690407413989305","0.08690407413989305","0.08690407413989305"
"131000","0.08639823518693447","0.08639823518693447","0.08639823518693447"
"131100","0.08897721447050572","0.08897721447050572","0.08897721447050572"
"131200","0.0857406659796834","0.0857406659796834","0.0857406659796834"
"131300","0.0865719075128436","0.0865719075128436","0.0865719075128436"
"131400","0.08654891025274992","0.08654891025274992","0.08654891025274992"
"131500","0.0853109660744667","0.0853109660744667","0.0853109660744667"
"131600","0.08518599092960358","0.08518599092960358","0.08518599092960358"
"131700","0.08807378765195609","0.08807378765195609","0.08807378765195609"
"131800","0.08480539850890637","0.08480539850890637","0.08480539850890637"
"131900","0.08650495231151581","0.08650495231151581","0.08650495231151581"
"132000","0.0884792248904705","0.0884792248904705","0.0884792248904705"
"132100","0.08469752341508865","0.08469752341508865","0.08469752341508865"
"132200","0.08679040119051934","0.08679040119051934","0.08679040119051934"
"132300","0.0885445924848318","0.0885445924848318","0.0885445924848318"