"Step","flow - loss","flow - loss__MIN","flow - loss__MAX"
"100","20.567405490875245","20.567405490875245","20.567405490875245"
"200","10.880555610656739","10.880555610656739","10.880555610656739"
"300","8.455348424911499","8.455348424911499","8.455348424911499"
"400","8.11111789226532","8.11111789226532","8.11111789226532"
"500","7.885058641433716","7.885058641433716","7.885058641433716"
"600","7.579455170631409","7.579455170631409","7.579455170631409"
"700","7.30099775314331","7.30099775314331","7.30099775314331"
"800","7.243247804641723","7.243247804641723","7.243247804641723"
"900","7.0055751657485965","7.0055751657485965","7.0055751657485965"
"1000","6.761447005271911","6.761447005271911","6.761447005271911"
"1100","6.573114728927612","6.573114728927612","6.573114728927612"
"1200","6.515052213668823","6.515052213668823","6.515052213668823"
"1300","6.40547779083252","6.40547779083252","6.40547779083252"
"1400","6.267849540710449","6.267849540710449","6.267849540710449"
"1500","6.177374787330628","6.177374787330628","6.177374787330628"
"1600","6.086484317779541","6.086484317779541","6.086484317779541"
"1700","6.024597883224487","6.024597883224487","6.024597883224487"
"1800","5.9783146810531616","5.9783146810531616","5.9783146810531616"
"1900","5.929753274917602","5.929753274917602","5.929753274917602"
"2000","5.889542598724365","5.889542598724365","5.889542598724365"
"2100","5.860414791107178","5.860414791107178","5.860414791107178"
"2200","5.7563463306427005","5.7563463306427005","5.7563463306427005"
"2300","5.71178243637085","5.71178243637085","5.71178243637085"
"2400","5.761457619667053","5.761457619667053","5.761457619667053"
"2500","5.665019359588623","5.665019359588623","5.665019359588623"
"2600","5.692768669128418","5.692768669128418","5.692768669128418"
"2700","5.631783971786499","5.631783971786499","5.631783971786499"
"2800","5.654179301261902","5.654179301261902","5.654179301261902"
"2900","5.59651948928833","5.59651948928833","5.59651948928833"
"3000","5.526006298065186","5.526006298065186","5.526006298065186"
"3100","5.505908503532409","5.505908503532409","5.505908503532409"
"3200","5.532538356781006","5.532538356781006","5.532538356781006"
"3300","5.5124695062637326","5.5124695062637326","5.5124695062637326"
"3400","5.4837608766555785","5.4837608766555785","5.4837608766555785"
"3500","5.4371281385421755","5.4371281385421755","5.4371281385421755"
"3600","5.425383667945862","5.425383667945862","5.425383667945862"
"3700","5.359327955245972","5.359327955245972","5.359327955245972"
"3800","5.296779022216797","5.296779022216797","5.296779022216797"
"3900","5.364646492004394","5.364646492004394","5.364646492004394"
"4000","5.307577276229859","5.307577276229859","5.307577276229859"
"4100","5.37733259677887","5.37733259677887","5.37733259677887"
"4200","5.2856068563461305","5.2856068563461305","5.2856068563461305"
"4300","5.235238561630249","5.235238561630249","5.235238561630249"
"4400","5.287368292808533","5.287368292808533","5.287368292808533"
"4500","5.258007488250732","5.258007488250732","5.258007488250732"
"4600","5.187395715713501","5.187395715713501","5.187395715713501"
"4700","5.23948579788208","5.23948579788208","5.23948579788208"
"4800","5.265080080032349","5.265080080032349","5.265080080032349"
"4900","5.141556496620178","5.141556496620178","5.141556496620178"
"5000","5.193227024078369","5.193227024078369","5.193227024078369"
"5100","5.109617507457733","5.109617507457733","5.109617507457733"
"5200","5.107802295684815","5.107802295684815","5.107802295684815"
"5300","5.105183744430542","5.105183744430542","5.105183744430542"
"5400","5.0860870790481565","5.0860870790481565","5.0860870790481565"
"5500","5.086689400672912","5.086689400672912","5.086689400672912"
"5600","5.044682993888855","5.044682993888855","5.044682993888855"
"5700","5.029330821037292","5.029330821037292","5.029330821037292"
"5800","5.058578791618348","5.058578791618348","5.058578791618348"
"5900","5.113033361434937","5.113033361434937","5.113033361434937"
"6000","5.016892409324646","5.016892409324646","5.016892409324646"
"6100","5.051900038719177","5.051900038719177","5.051900038719177"
"6200","4.995407590866089","4.995407590866089","4.995407590866089"
"6300","5.0257101821899415","5.0257101821899415","5.0257101821899415"
"6400","4.966569561958313","4.966569561958313","4.966569561958313"
"6500","4.956377885341644","4.956377885341644","4.956377885341644"
"6600","5.01871666431427","5.01871666431427","5.01871666431427"
"6700","4.906641354560852","4.906641354560852","4.906641354560852"
"6800","4.958685064315796","4.958685064315796","4.958685064315796"
"6900","4.888601624965668","4.888601624965668","4.888601624965668"
"7000","4.902098195552826","4.902098195552826","4.902098195552826"
"7100","4.834136667251587","4.834136667251587","4.834136667251587"
"7200","4.901066293716431","4.901066293716431","4.901066293716431"
"7300","4.840395019054413","4.840395019054413","4.840395019054413"
"7400","4.8918500423431395","4.8918500423431395","4.8918500423431395"
"7500","4.846206641197204","4.846206641197204","4.846206641197204"
"7600","4.870597143173217","4.870597143173217","4.870597143173217"
"7700","4.85894021987915","4.85894021987915","4.85894021987915"
"7800","4.803096418380737","4.803096418380737","4.803096418380737"
"7900","4.833527412414551","4.833527412414551","4.833527412414551"
"8000","4.830976972579956","4.830976972579956","4.830976972579956"
"8100","4.795075726509094","4.795075726509094","4.795075726509094"
"8200","4.733275339603424","4.733275339603424","4.733275339603424"
"8300","4.757867474555969","4.757867474555969","4.757867474555969"
"8400","4.7537394976615905","4.7537394976615905","4.7537394976615905"
"8500","4.801477334499359","4.801477334499359","4.801477334499359"
"8600","4.725902228355408","4.725902228355408","4.725902228355408"
"8700","4.734164378643036","4.734164378643036","4.734164378643036"
"8800","4.748808751106262","4.748808751106262","4.748808751106262"
"8900","4.7410661673545835","4.7410661673545835","4.7410661673545835"
"9000","4.6929175209999086","4.6929175209999086","4.6929175209999086"
"9100","4.678833661079406","4.678833661079406","4.678833661079406"
"9200","4.686220338344574","4.686220338344574","4.686220338344574"
"9300","4.664982335567474","4.664982335567474","4.664982335567474"
"9400","4.771523938179016","4.771523938179016","4.771523938179016"
"9500","4.6715512108802795","4.6715512108802795","4.6715512108802795"
"9600","4.681838047504425","4.681838047504425","4.681838047504425"
"9700","4.686190702915192","4.686190702915192","4.686190702915192"
"9800","4.5921269392967226","4.5921269392967226","4.5921269392967226"
"9900","4.613525094985962","4.613525094985962","4.613525094985962"
"10000","4.622388608455658","4.622388608455658","4.622388608455658"
"10100","4.656091601848602","4.656091601848602","4.656091601848602"
"10200","4.607522206306458","4.607522206306458","4.607522206306458"
"10300","4.596881527900695","4.596881527900695","4.596881527900695"
"10400","4.566302223205566","4.566302223205566","4.566302223205566"
"10500","4.664184720516205","4.664184720516205","4.664184720516205"
"10600","4.576720168590546","4.576720168590546","4.576720168590546"
"10700","4.517359526157379","4.517359526157379","4.517359526157379"
"10800","4.540179007053375","4.540179007053375","4.540179007053375"
"10900","4.543626682758331","4.543626682758331","4.543626682758331"
"11000","4.590763254165649","4.590763254165649","4.590763254165649"
"11100","4.529855694770813","4.529855694770813","4.529855694770813"
"11200","4.536431143283844","4.536431143283844","4.536431143283844"
"11300","4.472198321819305","4.472198321819305","4.472198321819305"
"11400","4.536754198074341","4.536754198074341","4.536754198074341"
"11500","4.5543392515182495","4.5543392515182495","4.5543392515182495"
"11600","4.501345047950744","4.501345047950744","4.501345047950744"
"11700","4.524372546672821","4.524372546672821","4.524372546672821"
"11800","4.492112817764283","4.492112817764283","4.492112817764283"
"11900","4.46380188703537","4.46380188703537","4.46380188703537"
"12000","4.495796544551849","4.495796544551849","4.495796544551849"
"12100","4.450948827266693","4.450948827266693","4.450948827266693"
"12200","4.468250091075897","4.468250091075897","4.468250091075897"
"12300","4.4209380626678465","4.4209380626678465","4.4209380626678465"
"12400","4.431993050575256","4.431993050575256","4.431993050575256"
"12500","4.411329822540283","4.411329822540283","4.411329822540283"
"12600","4.397200288772583","4.397200288772583","4.397200288772583"
"12700","4.383156034946442","4.383156034946442","4.383156034946442"
"12800","4.382401919364929","4.382401919364929","4.382401919364929"
"12900","4.415290157794953","4.415290157794953","4.415290157794953"
"13000","4.386160228252411","4.386160228252411","4.386160228252411"
"13100","4.434520688056946","4.434520688056946","4.434520688056946"
"13200","4.4122661781311034","4.4122661781311034","4.4122661781311034"
"13300","4.310869030952453","4.310869030952453","4.310869030952453"
"13400","4.419599876403809","4.419599876403809","4.419599876403809"
"13500","4.333838033676147","4.333838033676147","4.333838033676147"
"13600","4.338112082481384","4.338112082481384","4.338112082481384"
"13700","4.379955427646637","4.379955427646637","4.379955427646637"
"13800","4.387460064888001","4.387460064888001","4.387460064888001"
"13900","4.311574065685273","4.311574065685273","4.311574065685273"
"14000","4.371149008274078","4.371149008274078","4.371149008274078"
"14100","4.351295635700226","4.351295635700226","4.351295635700226"
"14200","4.293958387374878","4.293958387374878","4.293958387374878"
"14300","4.313719980716705","4.313719980716705","4.313719980716705"
"14400","4.35438063621521","4.35438063621521","4.35438063621521"
"14500","4.309286091327667","4.309286091327667","4.309286091327667"
"14600","4.336015360355377","4.336015360355377","4.336015360355377"
"14700","4.288125352859497","4.288125352859497","4.288125352859497"
"14800","4.238442521095276","4.238442521095276","4.238442521095276"
"14900","4.3503870368003845","4.3503870368003845","4.3503870368003845"
"15000","4.3560225820541385","4.3560225820541385","4.3560225820541385"
"15100","4.291994631290436","4.291994631290436","4.291994631290436"
"15200","4.24725971698761","4.24725971698761","4.24725971698761"
"15300","4.2496904850006105","4.2496904850006105","4.2496904850006105"
"15400","4.21385375738144","4.21385375738144","4.21385375738144"
"15500","4.2515494871139525","4.2515494871139525","4.2515494871139525"
"15600","4.328563430309296","4.328563430309296","4.328563430309296"
"15700","4.297281942367554","4.297281942367554","4.297281942367554"
"15800","4.195350563526153","4.195350563526153","4.195350563526153"
"15900","4.256980926990509","4.256980926990509","4.256980926990509"
"16000","4.258306722640992","4.258306722640992","4.258306722640992"
"16100","4.159382450580597","4.159382450580597","4.159382450580597"
"16200","4.202216689586639","4.202216689586639","4.202216689586639"
"16300","4.263048703670502","4.263048703670502","4.263048703670502"
"16400","4.223426251411438","4.223426251411438","4.223426251411438"
"16500","4.151537096500396","4.151537096500396","4.151537096500396"
"16600","4.213635559082031","4.213635559082031","4.213635559082031"
"16700","4.211199264526368","4.211199264526368","4.211199264526368"
"16800","4.160487475395203","4.160487475395203","4.160487475395203"
"16900","4.120422003269195","4.120422003269195","4.120422003269195"
"17000","4.20097202539444","4.20097202539444","4.20097202539444"
"17100","4.132991828918457","4.132991828918457","4.132991828918457"
"17200","4.129177091121673","4.129177091121673","4.129177091121673"
"17300","4.167365198135376","4.167365198135376","4.167365198135376"
"17400","4.193840479850769","4.193840479850769","4.193840479850769"
"17500","4.150358209609985","4.150358209609985","4.150358209609985"
"17600","4.166645700931549","4.166645700931549","4.166645700931549"
"17700","4.068247718811035","4.068247718811035","4.068247718811035"
"17800","4.161414148807526","4.161414148807526","4.161414148807526"
"17900","4.139656112194062","4.139656112194062","4.139656112194062"
"18000","4.043421063423157","4.043421063423157","4.043421063423157"
"18100","4.088750631809234","4.088750631809234","4.088750631809234"
"18200","4.18316575050354","4.18316575050354","4.18316575050354"
"18300","4.123864262104035","4.123864262104035","4.123864262104035"
"18400","4.081399490833283","4.081399490833283","4.081399490833283"
"18500","4.099263877868652","4.099263877868652","4.099263877868652"
"18600","4.107019736766815","4.107019736766815","4.107019736766815"
"18700","4.140955328941345","4.140955328941345","4.140955328941345"
"18800","4.122385833263397","4.122385833263397","4.122385833263397"
"18900","4.040242211818695","4.040242211818695","4.040242211818695"
"19000","4.145050275325775","4.145050275325775","4.145050275325775"
"19100","4.061910052299499","4.061910052299499","4.061910052299499"
"19200","4.072510497570038","4.072510497570038","4.072510497570038"
"19300","4.08863317489624","4.08863317489624","4.08863317489624"
"19400","4.04590209722519","4.04590209722519","4.04590209722519"
"19500","4.05727382183075","4.05727382183075","4.05727382183075"
"19600","4.092820925712585","4.092820925712585","4.092820925712585"
"19700","4.022705163955688","4.022705163955688","4.022705163955688"
"19800","4.069884157180786","4.069884157180786","4.069884157180786"
"19900","4.1397641444206235","4.1397641444206235","4.1397641444206235"
"20000","3.995167918205261","3.995167918205261","3.995167918205261"
"20100","4.020287194252014","4.020287194252014","4.020287194252014"
"20200","4.016565411090851","4.016565411090851","4.016565411090851"
"20300","4.057703077793121","4.057703077793121","4.057703077793121"
"20400","3.986003375053406","3.986003375053406","3.986003375053406"
"20500","4.028782699108124","4.028782699108124","4.028782699108124"
"20600","4.0266541838645935","4.0266541838645935","4.0266541838645935"
"20700","4.056005022525787","4.056005022525787","4.056005022525787"
"20800","4.026150677204132","4.026150677204132","4.026150677204132"
"20900","4.008018178939819","4.008018178939819","4.008018178939819"
"21000","4.06876166343689","4.06876166343689","4.06876166343689"
"21100","4.035251164436341","4.035251164436341","4.035251164436341"
"21200","4.008786625862122","4.008786625862122","4.008786625862122"
"21300","4.026702606678009","4.026702606678009","4.026702606678009"
"21400","4.001830008029938","4.001830008029938","4.001830008029938"
"21500","4.008909342288971","4.008909342288971","4.008909342288971"
"21600","4.023193535804748","4.023193535804748","4.023193535804748"
"21700","3.990374698638916","3.990374698638916","3.990374698638916"
"21800","4.055124959945679","4.055124959945679","4.055124959945679"
"21900","3.9948363637924196","3.9948363637924196","3.9948363637924196"
"22000","3.969095742702484","3.969095742702484","3.969095742702484"
"22100","3.9579973912239073","3.9579973912239073","3.9579973912239073"
"22200","4.033774795532227","4.033774795532227","4.033774795532227"
"22300","3.927917833328247","3.927917833328247","3.927917833328247"
"22400","3.9089519000053405","3.9089519000053405","3.9089519000053405"
"22500","3.946960506439209","3.946960506439209","3.946960506439209"
"22600","3.95944308757782","3.95944308757782","3.95944308757782"
"22700","3.8518997740745546","3.8518997740745546","3.8518997740745546"
"22800","3.90679545879364","3.90679545879364","3.90679545879364"
"22900","4.025607397556305","4.025607397556305","4.025607397556305"
"23000","3.9392196345329284","3.9392196345329284","3.9392196345329284"
"23100","3.9499186420440675","3.9499186420440675","3.9499186420440675"
"23200","3.955873510837555","3.955873510837555","3.955873510837555"
"23300","3.9589849066734315","3.9589849066734315","3.9589849066734315"
"23400","3.8907956147193907","3.8907956147193907","3.8907956147193907"
"23500","3.964909176826477","3.964909176826477","3.964909176826477"
"23600","3.989841430187225","3.989841430187225","3.989841430187225"
"23700","3.9967839097976685","3.9967839097976685","3.9967839097976685"
"23800","3.893901221752167","3.893901221752167","3.893901221752167"
"23900","3.8888227581977843","3.8888227581977843","3.8888227581977843"
"24000","3.9438592076301573","3.9438592076301573","3.9438592076301573"
"24100","3.8518515706062315","3.8518515706062315","3.8518515706062315"
"24200","3.917367465496063","3.917367465496063","3.917367465496063"
"24300","3.911730878353119","3.911730878353119","3.911730878353119"
"24400","3.863533034324646","3.863533034324646","3.863533034324646"
"24500","3.8929798126220705","3.8929798126220705","3.8929798126220705"
"24600","3.8889605307579043","3.8889605307579043","3.8889605307579043"
"24700","3.853347272872925","3.853347272872925","3.853347272872925"
"24800","3.8930778646469117","3.8930778646469117","3.8930778646469117"
"24900","3.8906148529052733","3.8906148529052733","3.8906148529052733"
"25000","3.8473397374153135","3.8473397374153135","3.8473397374153135"
"25100","3.8483479380607606","3.8483479380607606","3.8483479380607606"
"25200","3.9098395538330077","3.9098395538330077","3.9098395538330077"
"25300","3.865023920536041","3.865023920536041","3.865023920536041"
"25400","3.869186236858368","3.869186236858368","3.869186236858368"
"25500","3.8768291687965393","3.8768291687965393","3.8768291687965393"
"25600","3.7728298902511597","3.7728298902511597","3.7728298902511597"
"25700","3.8519944405555724","3.8519944405555724","3.8519944405555724"
"25800","3.829992363452911","3.829992363452911","3.829992363452911"
"25900","3.901657340526581","3.901657340526581","3.901657340526581"
"26000","3.8460675978660586","3.8460675978660586","3.8460675978660586"
"26100","3.88051876783371","3.88051876783371","3.88051876783371"
"26200","3.886372656822205","3.886372656822205","3.886372656822205"
"26300","3.7750445413589477","3.7750445413589477","3.7750445413589477"
"26400","3.789494037628174","3.789494037628174","3.789494037628174"
"26500","3.8237247180938723","3.8237247180938723","3.8237247180938723"
"26600","3.8334882283210754","3.8334882283210754","3.8334882283210754"
"26700","3.8794636034965517","3.8794636034965517","3.8794636034965517"
"26800","3.7834884333610534","3.7834884333610534","3.7834884333610534"
"26900","3.8537434458732607","3.8537434458732607","3.8537434458732607"
"27000","3.781260144710541","3.781260144710541","3.781260144710541"
"27100","3.844632318019867","3.844632318019867","3.844632318019867"
"27200","3.7848526191711427","3.7848526191711427","3.7848526191711427"
"27300","3.8353821873664855","3.8353821873664855","3.8353821873664855"
"27400","3.7879908299446106","3.7879908299446106","3.7879908299446106"
"27500","3.73201495885849","3.73201495885849","3.73201495885849"
"27600","3.782040491104126","3.782040491104126","3.782040491104126"
"27700","3.870425457954407","3.870425457954407","3.870425457954407"
"27800","3.8488857173919677","3.8488857173919677","3.8488857173919677"
"27900","3.7476621675491333","3.7476621675491333","3.7476621675491333"
"28000","3.818351695537567","3.818351695537567","3.818351695537567"
"28100","3.7785321712493896","3.7785321712493896","3.7785321712493896"
"28200","3.8478395676612855","3.8478395676612855","3.8478395676612855"
"28300","3.768794207572937","3.768794207572937","3.768794207572937"
"28400","3.7720284509658812","3.7720284509658812","3.7720284509658812"
"28500","3.7245947027206423","3.7245947027206423","3.7245947027206423"
"28600","3.7467641115188597","3.7467641115188597","3.7467641115188597"
"28700","3.7054409265518187","3.7054409265518187","3.7054409265518187"
"28800","3.680148553848267","3.680148553848267","3.680148553848267"
"28900","3.7363666224479677","3.7363666224479677","3.7363666224479677"
"29000","3.7369125270843506","3.7369125270843506","3.7369125270843506"
"29100","3.7873907804489138","3.7873907804489138","3.7873907804489138"
"29200","3.72604505777359","3.72604505777359","3.72604505777359"
"29300","3.6984643602371214","3.6984643602371214","3.6984643602371214"
"29400","3.7608892631530764","3.7608892631530764","3.7608892631530764"
"29500","3.7524287724494934","3.7524287724494934","3.7524287724494934"
"29600","3.718197059631348","3.718197059631348","3.718197059631348"
"29700","3.758506214618683","3.758506214618683","3.758506214618683"
"29800","3.7024993395805357","3.7024993395805357","3.7024993395805357"
"29900","3.7139747285842897","3.7139747285842897","3.7139747285842897"
"30000","3.7459558701515197","3.7459558701515197","3.7459558701515197"
"30100","3.7585970902442933","3.7585970902442933","3.7585970902442933"
"30200","3.6955021262168883","3.6955021262168883","3.6955021262168883"
"30300","3.748216240406036","3.748216240406036","3.748216240406036"
"30400","3.6780726075172425","3.6780726075172425","3.6780726075172425"
"30500","3.728622250556946","3.728622250556946","3.728622250556946"
"30600","3.6949024748802186","3.6949024748802186","3.6949024748802186"
"30700","3.6918834829330445","3.6918834829330445","3.6918834829330445"
"30800","3.7008665013313293","3.7008665013313293","3.7008665013313293"
"30900","3.7096395826339723","3.7096395826339723","3.7096395826339723"
"31000","3.6662973189353942","3.6662973189353942","3.6662973189353942"
"31100","3.653408076763153","3.653408076763153","3.653408076763153"
"31200","3.6820459723472596","3.6820459723472596","3.6820459723472596"
"31300","3.72256010055542","3.72256010055542","3.72256010055542"
"31400","3.6882231402397156","3.6882231402397156","3.6882231402397156"
"31500","3.648468625545502","3.648468625545502","3.648468625545502"
"31600","3.6918721127510072","3.6918721127510072","3.6918721127510072"
"31700","3.6665154886245728","3.6665154886245728","3.6665154886245728"
"31800","3.6319848108291626","3.6319848108291626","3.6319848108291626"
"31900","3.6472800397872924","3.6472800397872924","3.6472800397872924"
"32000","3.7109342765808107","3.7109342765808107","3.7109342765808107"
"32100","3.65124963760376","3.65124963760376","3.65124963760376"
"32200","3.6325093650817872","3.6325093650817872","3.6325093650817872"
"32300","3.7311912870407102","3.7311912870407102","3.7311912870407102"
"32400","3.6636266255378724","3.6636266255378724","3.6636266255378724"
"32500","3.6866761326789854","3.6866761326789854","3.6866761326789854"
"32600","3.7130223393440245","3.7130223393440245","3.7130223393440245"
"32700","3.6506439685821532","3.6506439685821532","3.6506439685821532"
"32800","3.5757759833335876","3.5757759833335876","3.5757759833335876"
"32900","3.6585451650619505","3.6585451650619505","3.6585451650619505"
"33000","3.682561385631561","3.682561385631561","3.682561385631561"
"33100","3.674329183101654","3.674329183101654","3.674329183101654"
"33200","3.6810645627975465","3.6810645627975465","3.6810645627975465"
"33300","3.672400350570679","3.672400350570679","3.672400350570679"
"33400","3.6542094779014587","3.6542094779014587","3.6542094779014587"
"33500","3.7560159230232237","3.7560159230232237","3.7560159230232237"
"33600","3.598440396785736","3.598440396785736","3.598440396785736"
"33700","3.580754292011261","3.580754292011261","3.580754292011261"
"33800","3.6172024488449095","3.6172024488449095","3.6172024488449095"
"33900","3.556880924701691","3.556880924701691","3.556880924701691"
"34000","3.647618763446808","3.647618763446808","3.647618763446808"
"34100","3.5664474821090697","3.5664474821090697","3.5664474821090697"
"34200","3.592700343132019","3.592700343132019","3.592700343132019"
"34300","3.5942561507225035","3.5942561507225035","3.5942561507225035"
"34400","3.6245668649673464","3.6245668649673464","3.6245668649673464"
"34500","3.638499219417572","3.638499219417572","3.638499219417572"
"34600","3.6250153851509093","3.6250153851509093","3.6250153851509093"
"34700","3.606165909767151","3.606165909767151","3.606165909767151"
"34800","3.6078237819671632","3.6078237819671632","3.6078237819671632"
"34900","3.6257837629318237","3.6257837629318237","3.6257837629318237"
"35000","3.637743546962738","3.637743546962738","3.637743546962738"
"35100","3.583186504840851","3.583186504840851","3.583186504840851"
"35200","3.5546726179122925","3.5546726179122925","3.5546726179122925"
"35300","3.6142722225189208","3.6142722225189208","3.6142722225189208"
"35400","3.5553960537910463","3.5553960537910463","3.5553960537910463"
"35500","3.602465040683746","3.602465040683746","3.602465040683746"
"35600","3.6208749485015868","3.6208749485015868","3.6208749485015868"
"35700","3.5719438433647155","3.5719438433647155","3.5719438433647155"
"35800","3.5492415761947633","3.5492415761947633","3.5492415761947633"
"35900","3.5821093678474427","3.5821093678474427","3.5821093678474427"
"36000","3.5233642077445984","3.5233642077445984","3.5233642077445984"
"36100","3.5671186375617983","3.5671186375617983","3.5671186375617983"
"36200","3.5473907589912415","3.5473907589912415","3.5473907589912415"
"36300","3.531864125728607","3.531864125728607","3.531864125728607"
"36400","3.5302984523773193","3.5302984523773193","3.5302984523773193"
"36500","3.5058677101135256","3.5058677101135256","3.5058677101135256"
"36600","3.523788526058197","3.523788526058197","3.523788526058197"
"36700","3.5335201740264894","3.5335201740264894","3.5335201740264894"
"36800","3.558276479244232","3.558276479244232","3.558276479244232"
"36900","3.4951497411727903","3.4951497411727903","3.4951497411727903"
"37000","3.5318140888214113","3.5318140888214113","3.5318140888214113"
"37100","3.534714925289154","3.534714925289154","3.534714925289154"
"37200","3.5293384170532227","3.5293384170532227","3.5293384170532227"
"37300","3.5122999000549315","3.5122999000549315","3.5122999000549315"
"37400","3.5003692388534544","3.5003692388534544","3.5003692388534544"
"37500","3.5794290614128115","3.5794290614128115","3.5794290614128115"
"37600","3.5433639907836914","3.5433639907836914","3.5433639907836914"
"37700","3.4912967681884766","3.4912967681884766","3.4912967681884766"
"37800","3.5463015246391296","3.5463015246391296","3.5463015246391296"
"37900","3.458897569179535","3.458897569179535","3.458897569179535"
"38000","3.5425899600982667","3.5425899600982667","3.5425899600982667"
"38100","3.5169223403930663","3.5169223403930663","3.5169223403930663"
"38200","3.4791518163681032","3.4791518163681032","3.4791518163681032"
"38300","3.535733301639557","3.535733301639557","3.535733301639557"
"38400","3.4691007995605467","3.4691007995605467","3.4691007995605467"
"38500","3.4825828862190247","3.4825828862190247","3.4825828862190247"
"38600","3.530223481655121","3.530223481655121","3.530223481655121"
"38700","3.5404067993164063","3.5404067993164063","3.5404067993164063"
"38800","3.5538964104652404","3.5538964104652404","3.5538964104652404"
"38900","3.511828746795654","3.511828746795654","3.511828746795654"
"39000","3.4928403425216676","3.4928403425216676","3.4928403425216676"
"39100","3.444544641971588","3.444544641971588","3.444544641971588"
"39200","3.47887544631958","3.47887544631958","3.47887544631958"
"39300","3.548647258281708","3.548647258281708","3.548647258281708"
"39400","3.5399548292160032","3.5399548292160032","3.5399548292160032"
"39500","3.465870337486267","3.465870337486267","3.465870337486267"
"39600","3.4794778656959533","3.4794778656959533","3.4794778656959533"
"39700","3.4606391978263855","3.4606391978263855","3.4606391978263855"
"39800","3.5057867884635927","3.5057867884635927","3.5057867884635927"
"39900","3.4527931380271912","3.4527931380271912","3.4527931380271912"
"40000","3.525556256771088","3.525556256771088","3.525556256771088"
"40100","3.395266642570496","3.395266642570496","3.395266642570496"
"40200","3.506343381404877","3.506343381404877","3.506343381404877"
"40300","3.5500470113754274","3.5500470113754274","3.5500470113754274"
"40400","3.4430146479606627","3.4430146479606627","3.4430146479606627"
"40500","3.438476164340973","3.438476164340973","3.438476164340973"
"40600","3.5272154116630556","3.5272154116630556","3.5272154116630556"
"40700","3.509226179122925","3.509226179122925","3.509226179122925"
"40800","3.4400446939468385","3.4400446939468385","3.4400446939468385"
"40900","3.4887670516967773","3.4887670516967773","3.4887670516967773"
"41000","3.427888286113739","3.427888286113739","3.427888286113739"
"41100","3.498525342941284","3.498525342941284","3.498525342941284"
"41200","3.417040901184082","3.417040901184082","3.417040901184082"
"41300","3.4615108609199523","3.4615108609199523","3.4615108609199523"
"41400","3.4192906332015993","3.4192906332015993","3.4192906332015993"
"41500","3.500370342731476","3.500370342731476","3.500370342731476"
"41600","3.4452259802818297","3.4452259802818297","3.4452259802818297"
"41700","3.5011957025527956","3.5011957025527956","3.5011957025527956"
"41800","3.4661896443367004","3.4661896443367004","3.4661896443367004"
"41900","3.4203533291816712","3.4203533291816712","3.4203533291816712"
"42000","3.4247918224334715","3.4247918224334715","3.4247918224334715"
"42100","3.4825282096862793","3.4825282096862793","3.4825282096862793"
"42200","3.4378545689582825","3.4378545689582825","3.4378545689582825"
"42300","3.417590069770813","3.417590069770813","3.417590069770813"
"42400","3.438428282737732","3.438428282737732","3.438428282737732"
"42500","3.425069444179535","3.425069444179535","3.425069444179535"
"42600","3.4551192259788515","3.4551192259788515","3.4551192259788515"
"42700","3.451912178993225","3.451912178993225","3.451912178993225"
"42800","3.420406749248505","3.420406749248505","3.420406749248505"
"42900","3.4268851590156557","3.4268851590156557","3.4268851590156557"
"43000","3.4299590945243836","3.4299590945243836","3.4299590945243836"
"43100","3.388214147090912","3.388214147090912","3.388214147090912"
"43200","3.4444921875","3.4444921875","3.4444921875"
"43300","3.421165392398834","3.421165392398834","3.421165392398834"
"43400","3.40412761926651","3.40412761926651","3.40412761926651"
"43500","3.3641357445716857","3.3641357445716857","3.3641357445716857"
"43600","3.4481713008880615","3.4481713008880615","3.4481713008880615"
"43700","3.425090458393097","3.425090458393097","3.425090458393097"
"43800","3.448973822593689","3.448973822593689","3.448973822593689"
"43900","3.466016471385956","3.466016471385956","3.466016471385956"
"44000","3.413051838874817","3.413051838874817","3.413051838874817"
"44100","3.470862431526184","3.470862431526184","3.470862431526184"
"44200","3.443062436580658","3.443062436580658","3.443062436580658"
"44300","3.3812606143951416","3.3812606143951416","3.3812606143951416"
"44400","3.3690070962905883","3.3690070962905883","3.3690070962905883"
"44500","3.3361553239822386","3.3361553239822386","3.3361553239822386"
"44600","3.415403299331665","3.415403299331665","3.415403299331665"
"44700","3.384931333065033","3.384931333065033","3.384931333065033"
"44800","3.364551546573639","3.364551546573639","3.364551546573639"
"44900","3.3575792384147642","3.3575792384147642","3.3575792384147642"
"45000","3.364282510280609","3.364282510280609","3.364282510280609"
"45100","3.391263196468353","3.391263196468353","3.391263196468353"
"45200","3.382470188140869","3.382470188140869","3.382470188140869"
"45300","3.327781069278717","3.327781069278717","3.327781069278717"
"45400","3.389418761730194","3.389418761730194","3.389418761730194"
"45500","3.3856565141677857","3.3856565141677857","3.3856565141677857"
"45600","3.3682908844947814","3.3682908844947814","3.3682908844947814"
"45700","3.363094825744629","3.363094825744629","3.363094825744629"
"45800","3.2866818118095398","3.2866818118095398","3.2866818118095398"
"45900","3.3655938148498534","3.3655938148498534","3.3655938148498534"
"46000","3.3678839707374575","3.3678839707374575","3.3678839707374575"
"46100","3.246492063999176","3.246492063999176","3.246492063999176"
"46200","3.373980751037598","3.373980751037598","3.373980751037598"
"46300","3.3119123435020446","3.3119123435020446","3.3119123435020446"
"46400","3.358489525318146","3.358489525318146","3.358489525318146"
"46500","3.3211873626708983","3.3211873626708983","3.3211873626708983"
"46600","3.3153295850753786","3.3153295850753786","3.3153295850753786"
"46700","3.366018092632294","3.366018092632294","3.366018092632294"
"46800","3.38170339345932","3.38170339345932","3.38170339345932"
"46900","3.336392619609833","3.336392619609833","3.336392619609833"
"47000","3.340788547992706","3.340788547992706","3.340788547992706"
"47100","3.3529319882392885","3.3529319882392885","3.3529319882392885"
"47200","3.37275425195694","3.37275425195694","3.37275425195694"
"47300","3.3572250962257386","3.3572250962257386","3.3572250962257386"
"47400","3.316420657634735","3.316420657634735","3.316420657634735"
"47500","3.3224417662620542","3.3224417662620542","3.3224417662620542"
"47600","3.3138300561904908","3.3138300561904908","3.3138300561904908"
"47700","3.3395731806755067","3.3395731806755067","3.3395731806755067"
"47800","3.3770834374427796","3.3770834374427796","3.3770834374427796"
"47900","3.3593795132637023","3.3593795132637023","3.3593795132637023"
"48000","3.3035228753089907","3.3035228753089907","3.3035228753089907"
"48100","3.3551323890686033","3.3551323890686033","3.3551323890686033"
"48200","3.3301997590065002","3.3301997590065002","3.3301997590065002"
"48300","3.331624701023102","3.331624701023102","3.331624701023102"
"48400","3.2860461616516115","3.2860461616516115","3.2860461616516115"
"48500","3.3200669860839844","3.3200669860839844","3.3200669860839844"
"48600","3.3053288364410403","3.3053288364410403","3.3053288364410403"
"48700","3.3642522883415222","3.3642522883415222","3.3642522883415222"
"48800","3.33142897605896","3.33142897605896","3.33142897605896"
"48900","3.308213152885437","3.308213152885437","3.308213152885437"
"49000","3.3365715980529784","3.3365715980529784","3.3365715980529784"
"49100","3.307778935432434","3.307778935432434","3.307778935432434"
"49200","3.2732711482048034","3.2732711482048034","3.2732711482048034"
"49300","3.329696762561798","3.329696762561798","3.329696762561798"
"49400","3.3366379809379576","3.3366379809379576","3.3366379809379576"
"49500","3.348771448135376","3.348771448135376","3.348771448135376"
"49600","3.244392070770264","3.244392070770264","3.244392070770264"
"49700","3.2431058263778687","3.2431058263778687","3.2431058263778687"
"49800","3.270657937526703","3.270657937526703","3.270657937526703"
"49900","3.289722435474396","3.289722435474396","3.289722435474396"
"50000","3.2844770550727844","3.2844770550727844","3.2844770550727844"
"50100","3.2043247270584105","3.2043247270584105","3.2043247270584105"
"50200","3.207932517528534","3.207932517528534","3.207932517528534"
"50300","3.248633825778961","3.248633825778961","3.248633825778961"
"50400","3.2606761980056764","3.2606761980056764","3.2606761980056764"
"50500","3.268499450683594","3.268499450683594","3.268499450683594"
"50600","3.254765205383301","3.254765205383301","3.254765205383301"
"50700","3.2549016642570496","3.2549016642570496","3.2549016642570496"
"50800","3.307334382534027","3.307334382534027","3.307334382534027"
"50900","3.262375841140747","3.262375841140747","3.262375841140747"
"51000","3.323876643180847","3.323876643180847","3.323876643180847"
"51100","3.2775793790817263","3.2775793790817263","3.2775793790817263"
"51200","3.281852495670319","3.281852495670319","3.281852495670319"
"51300","3.2405914068222046","3.2405914068222046","3.2405914068222046"
"51400","3.2861682677268984","3.2861682677268984","3.2861682677268984"
"51500","3.232750608921051","3.232750608921051","3.232750608921051"
"51600","3.277864844799042","3.277864844799042","3.277864844799042"
"51700","3.2744926238059997","3.2744926238059997","3.2744926238059997"
"51800","3.204943630695343","3.204943630695343","3.204943630695343"
"51900","3.242472276687622","3.242472276687622","3.242472276687622"
"52000","3.2900739979743956","3.2900739979743956","3.2900739979743956"
"52100","3.251676709651947","3.251676709651947","3.251676709651947"
"52200","3.329943604469299","3.329943604469299","3.329943604469299"
"52300","3.250237226486206","3.250237226486206","3.250237226486206"
"52400","3.1699535632133484","3.1699535632133484","3.1699535632133484"
"52500","3.246873381137848","3.246873381137848","3.246873381137848"
"52600","3.283066189289093","3.283066189289093","3.283066189289093"
"52700","3.2082857728004455","3.2082857728004455","3.2082857728004455"
"52800","3.245402762889862","3.245402762889862","3.245402762889862"
"52900","3.2437987661361696","3.2437987661361696","3.2437987661361696"
"53000","3.233287208080292","3.233287208080292","3.233287208080292"
"53100","3.188620271682739","3.188620271682739","3.188620271682739"
"53200","3.2557113862037657","3.2557113862037657","3.2557113862037657"
"53300","3.2220247340202333","3.2220247340202333","3.2220247340202333"
"53400","3.2387333035469057","3.2387333035469057","3.2387333035469057"
"53500","3.126152994632721","3.126152994632721","3.126152994632721"
"53600","3.236668338775635","3.236668338775635","3.236668338775635"
"53700","3.1994056820869448","3.1994056820869448","3.1994056820869448"
"53800","3.2042542123794555","3.2042542123794555","3.2042542123794555"
"53900","3.2626544523239134","3.2626544523239134","3.2626544523239134"
"54000","3.224680781364441","3.224680781364441","3.224680781364441"
"54100","3.1580079793930054","3.1580079793930054","3.1580079793930054"
"54200","3.2283100700378418","3.2283100700378418","3.2283100700378418"
"54300","3.245154712200165","3.245154712200165","3.245154712200165"
"54400","3.2479131174087525","3.2479131174087525","3.2479131174087525"
"54500","3.2638883662223814","3.2638883662223814","3.2638883662223814"
"54600","3.232769286632538","3.232769286632538","3.232769286632538"
"54700","3.225677859783173","3.225677859783173","3.225677859783173"
"54800","3.2346397924423216","3.2346397924423216","3.2346397924423216"
"54900","3.2345834374427795","3.2345834374427795","3.2345834374427795"
"55000","3.2413695883750915","3.2413695883750915","3.2413695883750915"
"55100","3.2371499156951904","3.2371499156951904","3.2371499156951904"
"55200","3.169046845436096","3.169046845436096","3.169046845436096"
"55300","3.1187874031066896","3.1187874031066896","3.1187874031066896"
"55400","3.2374664759635925","3.2374664759635925","3.2374664759635925"
"55500","3.1967133498191833","3.1967133498191833","3.1967133498191833"
"55600","3.1554925894737242","3.1554925894737242","3.1554925894737242"
"55700","3.1626551437377928","3.1626551437377928","3.1626551437377928"
"55800","3.1448772668838503","3.1448772668838503","3.1448772668838503"
"55900","3.1951120781898497","3.1951120781898497","3.1951120781898497"
"56000","3.255745391845703","3.255745391845703","3.255745391845703"
"56100","3.177807250022888","3.177807250022888","3.177807250022888"
"56200","3.1515932178497312","3.1515932178497312","3.1515932178497312"
"56300","3.1551931524276733","3.1551931524276733","3.1551931524276733"
"56400","3.191135518550873","3.191135518550873","3.191135518550873"
"56500","3.2026931262016296","3.2026931262016296","3.2026931262016296"
"56600","3.192883415222168","3.192883415222168","3.192883415222168"
"56700","3.2104821515083315","3.2104821515083315","3.2104821515083315"
"56800","3.151632459163666","3.151632459163666","3.151632459163666"
"56900","3.199850878715515","3.199850878715515","3.199850878715515"
"57000","3.2108228611946106","3.2108228611946106","3.2108228611946106"
"57100","3.1990828347206115","3.1990828347206115","3.1990828347206115"
"57200","3.1469421076774595","3.1469421076774595","3.1469421076774595"
"57300","3.191263964176178","3.191263964176178","3.191263964176178"
"57400","3.1494078707695006","3.1494078707695006","3.1494078707695006"
"57500","3.216793084144592","3.216793084144592","3.216793084144592"
"57600","3.1242660593986513","3.1242660593986513","3.1242660593986513"
"57700","3.1393345618247985","3.1393345618247985","3.1393345618247985"
"57800","3.175523591041565","3.175523591041565","3.175523591041565"
"57900","3.1329497361183165","3.1329497361183165","3.1329497361183165"
"58000","3.185769443511963","3.185769443511963","3.185769443511963"
"58100","3.1975519371032717","3.1975519371032717","3.1975519371032717"
"58200","3.1730362010002136","3.1730362010002136","3.1730362010002136"
"58300","3.217296130657196","3.217296130657196","3.217296130657196"
"58400","3.1310670280456545","3.1310670280456545","3.1310670280456545"
"58500","3.1049456572532654","3.1049456572532654","3.1049456572532654"
"58600","3.1622902965545654","3.1622902965545654","3.1622902965545654"
"58700","3.163110773563385","3.163110773563385","3.163110773563385"
"58800","3.190368688106537","3.190368688106537","3.190368688106537"
"58900","3.097100803852081","3.097100803852081","3.097100803852081"
"59000","3.151964111328125","3.151964111328125","3.151964111328125"
"59100","3.1663261961936953","3.1663261961936953","3.1663261961936953"
"59200","3.1844955897331237","3.1844955897331237","3.1844955897331237"
"59300","3.1226418375968934","3.1226418375968934","3.1226418375968934"
"59400","3.164121778011322","3.164121778011322","3.164121778011322"
"59500","3.1812627840042116","3.1812627840042116","3.1812627840042116"
"59600","3.1127737021446227","3.1127737021446227","3.1127737021446227"
"59700","3.1585217189788817","3.1585217189788817","3.1585217189788817"
"59800","3.1012518858909606","3.1012518858909606","3.1012518858909606"
"59900","3.151703128814697","3.151703128814697","3.151703128814697"
"60000","3.1265740823745727","3.1265740823745727","3.1265740823745727"
"60100","3.1045996737480164","3.1045996737480164","3.1045996737480164"
"60200","3.1347770357131957","3.1347770357131957","3.1347770357131957"
"60300","3.1309192299842836","3.1309192299842836","3.1309192299842836"
"60400","3.118407211303711","3.118407211303711","3.118407211303711"
"60500","3.1402229833602906","3.1402229833602906","3.1402229833602906"
"60600","3.0637002277374266","3.0637002277374266","3.0637002277374266"
"60700","3.2136455845832823","3.2136455845832823","3.2136455845832823"
"60800","3.1438891768455504","3.1438891768455504","3.1438891768455504"
"60900","3.0821599888801576","3.0821599888801576","3.0821599888801576"
"61000","3.1009909462928773","3.1009909462928773","3.1009909462928773"
"61100","3.1911622524261474","3.1911622524261474","3.1911622524261474"
"61200","3.1320135188102722","3.1320135188102722","3.1320135188102722"
"61300","3.1625463247299193","3.1625463247299193","3.1625463247299193"
"61400","3.0846638560295103","3.0846638560295103","3.0846638560295103"
"61500","3.1502199530601502","3.1502199530601502","3.1502199530601502"
"61600","3.134185106754303","3.134185106754303","3.134185106754303"
"61700","3.1218837094306946","3.1218837094306946","3.1218837094306946"
"61800","3.098974106311798","3.098974106311798","3.098974106311798"
"61900","3.06218092918396","3.06218092918396","3.06218092918396"
"62000","3.173702750205994","3.173702750205994","3.173702750205994"
"62100","3.0677737903594973","3.0677737903594973","3.0677737903594973"
"62200","3.1328156352043153","3.1328156352043153","3.1328156352043153"
"62300","3.0925617265701293","3.0925617265701293","3.0925617265701293"
"62400","3.149953773021698","3.149953773021698","3.149953773021698"
"62500","3.127576904296875","3.127576904296875","3.127576904296875"
"62600","3.195409240722656","3.195409240722656","3.195409240722656"
"62700","3.0833054184913635","3.0833054184913635","3.0833054184913635"
"62800","3.116005780696869","3.116005780696869","3.116005780696869"
"62900","3.117085511684418","3.117085511684418","3.117085511684418"
"63000","3.134113082885742","3.134113082885742","3.134113082885742"
"63100","3.0145211672782897","3.0145211672782897","3.0145211672782897"
"63200","3.0627945113182067","3.0627945113182067","3.0627945113182067"
"63300","3.105742344856262","3.105742344856262","3.105742344856262"
"63400","3.0849035477638242","3.0849035477638242","3.0849035477638242"
"63500","3.063876738548279","3.063876738548279","3.063876738548279"
"63600","3.033590247631073","3.033590247631073","3.033590247631073"
"63700","3.0775310087203978","3.0775310087203978","3.0775310087203978"
"63800","3.0907863402366638","3.0907863402366638","3.0907863402366638"
"63900","3.065592861175537","3.065592861175537","3.065592861175537"
"64000","3.128607141971588","3.128607141971588","3.128607141971588"
"64100","3.1152319002151487","3.1152319002151487","3.1152319002151487"
"64200","3.0809179282188417","3.0809179282188417","3.0809179282188417"
"64300","3.1130593276023864","3.1130593276023864","3.1130593276023864"
"64400","3.0728382754325865","3.0728382754325865","3.0728382754325865"
"64500","3.1140755081176756","3.1140755081176756","3.1140755081176756"
"64600","3.098549997806549","3.098549997806549","3.098549997806549"
"64700","3.1174744319915773","3.1174744319915773","3.1174744319915773"
"64800","3.034407181739807","3.034407181739807","3.034407181739807"
"64900","3.043446114063263","3.043446114063263","3.043446114063263"
"65000","3.07763596534729","3.07763596534729","3.07763596534729"
"65100","3.0184662985801696","3.0184662985801696","3.0184662985801696"
"65200","3.0752295804023744","3.0752295804023744","3.0752295804023744"
"65300","3.0330150508880616","3.0330150508880616","3.0330150508880616"
"65400","3.1099573969841003","3.1099573969841003","3.1099573969841003"
"65500","3.1011288070678713","3.1011288070678713","3.1011288070678713"
"65600","3.094507098197937","3.094507098197937","3.094507098197937"
"65700","3.090346999168396","3.090346999168396","3.090346999168396"
"65800","3.0551290035247805","3.0551290035247805","3.0551290035247805"
"65900","3.043205726146698","3.043205726146698","3.043205726146698"
"66000","3.0584473991394043","3.0584473991394043","3.0584473991394043"
"66100","3.008644382953644","3.008644382953644","3.008644382953644"
"66200","3.0696373701095583","3.0696373701095583","3.0696373701095583"
"66300","3.0091043066978456","3.0091043066978456","3.0091043066978456"
"66400","3.0900551438331605","3.0900551438331605","3.0900551438331605"
"66500","3.0897228813171385","3.0897228813171385","3.0897228813171385"
"66600","2.9958206820487976","2.9958206820487976","2.9958206820487976"
"66700","3.0956662106513977","3.0956662106513977","3.0956662106513977"
"66800","3.117021405696869","3.117021405696869","3.117021405696869"
"66900","3.042887415885925","3.042887415885925","3.042887415885925"
"67000","3.0646277046203614","3.0646277046203614","3.0646277046203614"
"67100","3.040335292816162","3.040335292816162","3.040335292816162"
"67200","3.097820041179657","3.097820041179657","3.097820041179657"
"67300","3.067174174785614","3.067174174785614","3.067174174785614"
"67400","3.0154747319221498","3.0154747319221498","3.0154747319221498"
"67500","3.013530535697937","3.013530535697937","3.013530535697937"
"67600","3.120089228153229","3.120089228153229","3.120089228153229"
"67700","3.0213869500160215","3.0213869500160215","3.0213869500160215"
"67800","3.109046924114227","3.109046924114227","3.109046924114227"
"67900","3.065472097396851","3.065472097396851","3.065472097396851"
"68000","3.0150437331199647","3.0150437331199647","3.0150437331199647"
"68100","3.0242683625221254","3.0242683625221254","3.0242683625221254"
"68200","3.1177409720420837","3.1177409720420837","3.1177409720420837"
"68300","3.0391209363937377","3.0391209363937377","3.0391209363937377"
"68400","3.0846963834762575","3.0846963834762575","3.0846963834762575"
"68500","3.018448257446289","3.018448257446289","3.018448257446289"
"68600","3.0662616658210755","3.0662616658210755","3.0662616658210755"
"68700","3.018709032535553","3.018709032535553","3.018709032535553"
"68800","3.0636166644096376","3.0636166644096376","3.0636166644096376"
"68900","3.0117576456069948","3.0117576456069948","3.0117576456069948"
"69000","3.023246967792511","3.023246967792511","3.023246967792511"
"69100","3.0400565695762634","3.0400565695762634","3.0400565695762634"
"69200","2.999940185546875","2.999940185546875","2.999940185546875"
"69300","3.0764043855667116","3.0764043855667116","3.0764043855667116"
"69400","3.014974398612976","3.014974398612976","3.014974398612976"
"69500","3.032314193248749","3.032314193248749","3.032314193248749"
"69600","3.0020594334602357","3.0020594334602357","3.0020594334602357"
"69700","3.048963735103607","3.048963735103607","3.048963735103607"
"69800","3.000827488899231","3.000827488899231","3.000827488899231"
"69900","3.024074606895447","3.024074606895447","3.024074606895447"
"70000","3.0721430492401125","3.0721430492401125","3.0721430492401125"
"70100","3.0544098591804505","3.0544098591804505","3.0544098591804505"
"70200","3.0944666290283203","3.0944666290283203","3.0944666290283203"
"70300","3.031880519390106","3.031880519390106","3.031880519390106"
"70400","2.975874750614166","2.975874750614166","2.975874750614166"
"70500","3.033294334411621","3.033294334411621","3.033294334411621"
"70600","2.977696838378906","2.977696838378906","2.977696838378906"
"70700","2.983791844844818","2.983791844844818","2.983791844844818"
"70800","2.9876560413837434","2.9876560413837434","2.9876560413837434"
"70900","3.047533059120178","3.047533059120178","3.047533059120178"
"71000","3.028875868320465","3.028875868320465","3.028875868320465"
"71100","2.9654030323028566","2.9654030323028566","2.9654030323028566"
"71200","3.02410236120224","3.02410236120224","3.02410236120224"
"71300","3.009105761051178","3.009105761051178","3.009105761051178"
"71400","2.982432016134262","2.982432016134262","2.982432016134262"
"71500","2.9418038964271545","2.9418038964271545","2.9418038964271545"
"71600","2.972847306728363","2.972847306728363","2.972847306728363"
"71700","2.97994647026062","2.97994647026062","2.97994647026062"
"71800","2.976064820289612","2.976064820289612","2.976064820289612"
"71900","3.0277306747436525","3.0277306747436525","3.0277306747436525"
"72000","2.952973701953888","2.952973701953888","2.952973701953888"
"72100","2.9367690110206603","2.9367690110206603","2.9367690110206603"
"72200","3.018829092979431","3.018829092979431","3.018829092979431"
"72300","3.0052549052238464","3.0052549052238464","3.0052549052238464"
"72400","3.0521731543540955","3.0521731543540955","3.0521731543540955"
"72500","2.9711329340934753","2.9711329340934753","2.9711329340934753"
"72600","3.0952442693710327","3.0952442693710327","3.0952442693710327"
"72700","3.047344496250153","3.047344496250153","3.047344496250153"
"72800","2.962116014957428","2.962116014957428","2.962116014957428"
"72900","2.942324891090393","2.942324891090393","2.942324891090393"
"73000","3.004523479938507","3.004523479938507","3.004523479938507"
"73100","3.013947293758392","3.013947293758392","3.013947293758392"
"73200","3.010158064365387","3.010158064365387","3.010158064365387"
"73300","3.018938729763031","3.018938729763031","3.018938729763031"
"73400","2.9938547658920287","2.9938547658920287","2.9938547658920287"
"73500","2.953310799598694","2.953310799598694","2.953310799598694"
"73600","2.995705029964447","2.995705029964447","2.995705029964447"
"73700","2.993907012939453","2.993907012939453","2.993907012939453"
"73800","2.993038773536682","2.993038773536682","2.993038773536682"
"73900","3.007690682411194","3.007690682411194","3.007690682411194"
"74000","3.047047190666199","3.047047190666199","3.047047190666199"
"74100","2.955365080833435","2.955365080833435","2.955365080833435"
"74200","3.032709197998047","3.032709197998047","3.032709197998047"
"74300","3.00965038061142","3.00965038061142","3.00965038061142"
"74400","2.97302063703537","2.97302063703537","2.97302063703537"
"74500","3.0314814901351927","3.0314814901351927","3.0314814901351927"
"74600","2.973696722984314","2.973696722984314","2.973696722984314"
"74700","2.9607066774368285","2.9607066774368285","2.9607066774368285"
"74800","2.917970132827759","2.917970132827759","2.917970132827759"
"74900","2.9973200583457946","2.9973200583457946","2.9973200583457946"
"75000","2.9934974765777587","2.9934974765777587","2.9934974765777587"
"75100","2.9881480860710146","2.9881480860710146","2.9881480860710146"
"75200","2.9688353443145754","2.9688353443145754","2.9688353443145754"
"75300","2.933259108066559","2.933259108066559","2.933259108066559"
"75400","2.959100515842438","2.959100515842438","2.959100515842438"
"75500","2.9721482372283936","2.9721482372283936","2.9721482372283936"
"75600","2.9592650628089903","2.9592650628089903","2.9592650628089903"
"75700","2.975355761051178","2.975355761051178","2.975355761051178"
"75800","2.9561159133911135","2.9561159133911135","2.9561159133911135"
"75900","2.932453439235687","2.932453439235687","2.932453439235687"
"76000","2.9482986235618593","2.9482986235618593","2.9482986235618593"
"76100","2.981975212097168","2.981975212097168","2.981975212097168"
"76200","2.938795261383057","2.938795261383057","2.938795261383057"
"76300","2.93945152759552","2.93945152759552","2.93945152759552"
"76400","2.959844214916229","2.959844214916229","2.959844214916229"
"76500","2.9641353702545166","2.9641353702545166","2.9641353702545166"
"76600","2.9764042782783506","2.9764042782783506","2.9764042782783506"
"76700","2.9201861572265626","2.9201861572265626","2.9201861572265626"
"76800","2.9037408947944643","2.9037408947944643","2.9037408947944643"
"76900","2.9237464833259583","2.9237464833259583","2.9237464833259583"
"77000","2.9809253668785094","2.9809253668785094","2.9809253668785094"
"77100","2.8966561627388","2.8966561627388","2.8966561627388"
"77200","2.973794765472412","2.973794765472412","2.973794765472412"
"77300","2.9432966184616087","2.9432966184616087","2.9432966184616087"
"77400","2.943601050376892","2.943601050376892","2.943601050376892"
"77500","2.8927088570594788","2.8927088570594788","2.8927088570594788"
"77600","3.0198383259773256","3.0198383259773256","3.0198383259773256"
"77700","2.9814319801330567","2.9814319801330567","2.9814319801330567"
"77800","2.9742833232879637","2.9742833232879637","2.9742833232879637"
"77900","3.0329635190963744","3.0329635190963744","3.0329635190963744"
"78000","2.8794943618774416","2.8794943618774416","2.8794943618774416"
"78100","2.933787455558777","2.933787455558777","2.933787455558777"
"78200","2.9594017314910888","2.9594017314910888","2.9594017314910888"
"78300","2.9222652983665465","2.9222652983665465","2.9222652983665465"
"78400","2.9589677476882934","2.9589677476882934","2.9589677476882934"
"78500","2.9681435799598694","2.9681435799598694","2.9681435799598694"
"78600","2.953225431442261","2.953225431442261","2.953225431442261"
"78700","2.9459789419174194","2.9459789419174194","2.9459789419174194"
"78800","2.926394329071045","2.926394329071045","2.926394329071045"
"78900","2.9729101419448853","2.9729101419448853","2.9729101419448853"
"79000","2.910636675357819","2.910636675357819","2.910636675357819"
"79100","2.9780198454856874","2.9780198454856874","2.9780198454856874"
"79200","2.9372751331329345","2.9372751331329345","2.9372751331329345"
"79300","2.877198293209076","2.877198293209076","2.877198293209076"
"79400","2.9495009446144103","2.9495009446144103","2.9495009446144103"
"79500","2.9692370891571045","2.9692370891571045","2.9692370891571045"
"79600","2.824640874862671","2.824640874862671","2.824640874862671"
"79700","2.9674005460739137","2.9674005460739137","2.9674005460739137"
"79800","2.9371675872802734","2.9371675872802734","2.9371675872802734"
"79900","2.9068739867210387","2.9068739867210387","2.9068739867210387"
"80000","2.9203425669670104","2.9203425669670104","2.9203425669670104"
"80100","2.9461227250099182","2.9461227250099182","2.9461227250099182"
"80200","2.9438938665390015","2.9438938665390015","2.9438938665390015"
"80300","2.8699083161354064","2.8699083161354064","2.8699083161354064"
"80400","2.943015601634979","2.943015601634979","2.943015601634979"
"80500","2.9012721157073975","2.9012721157073975","2.9012721157073975"
"80600","2.9117202591896056","2.9117202591896056","2.9117202591896056"
"80700","2.9100364232063294","2.9100364232063294","2.9100364232063294"
"80800","2.8707182002067566","2.8707182002067566","2.8707182002067566"
"80900","2.917877616882324","2.917877616882324","2.917877616882324"
"81000","2.9443701171875","2.9443701171875","2.9443701171875"
"81100","2.958121135234833","2.958121135234833","2.958121135234833"
"81200","2.8949770736694336","2.8949770736694336","2.8949770736694336"
"81300","2.9626522636413575","2.9626522636413575","2.9626522636413575"
"81400","2.914668755531311","2.914668755531311","2.914668755531311"
"81500","2.8945777082443236","2.8945777082443236","2.8945777082443236"
"81600","2.899534740447998","2.899534740447998","2.899534740447998"
"81700","2.904607038497925","2.904607038497925","2.904607038497925"
"81800","2.931883611679077","2.931883611679077","2.931883611679077"
"81900","2.9224108123779295","2.9224108123779295","2.9224108123779295"
"82000","2.9118728756904604","2.9118728756904604","2.9118728756904604"
"82100","2.9183213043212892","2.9183213043212892","2.9183213043212892"
"82200","2.9377347946166994","2.9377347946166994","2.9377347946166994"
"82300","2.9231830477714538","2.9231830477714538","2.9231830477714538"
"82400","2.914405541419983","2.914405541419983","2.914405541419983"
"82500","2.8734130668640137","2.8734130668640137","2.8734130668640137"
"82600","2.8810992670059203","2.8810992670059203","2.8810992670059203"
"82700","2.8586006438732148","2.8586006438732148","2.8586006438732148"
"82800","2.9085120344161988","2.9085120344161988","2.9085120344161988"
"82900","2.8313395285606386","2.8313395285606386","2.8313395285606386"
"83000","2.9018026328086854","2.9018026328086854","2.9018026328086854"
"83100","2.870818166732788","2.870818166732788","2.870818166732788"
"83200","2.9333105731010436","2.9333105731010436","2.9333105731010436"
"83300","2.88999794960022","2.88999794960022","2.88999794960022"
"83400","2.896770513057709","2.896770513057709","2.896770513057709"
"83500","2.9193465757369994","2.9193465757369994","2.9193465757369994"
"83600","2.899257652759552","2.899257652759552","2.899257652759552"
"83700","2.8877703738212586","2.8877703738212586","2.8877703738212586"
"83800","2.8634159564971924","2.8634159564971924","2.8634159564971924"
"83900","2.9031875944137573","2.9031875944137573","2.9031875944137573"
"84000","2.922961857318878","2.922961857318878","2.922961857318878"
"84100","2.921251857280731","2.921251857280731","2.921251857280731"
"84200","2.918690068721771","2.918690068721771","2.918690068721771"
"84300","2.8665777468681335","2.8665777468681335","2.8665777468681335"
"84400","2.882994656562805","2.882994656562805","2.882994656562805"
"84500","2.9205327439308166","2.9205327439308166","2.9205327439308166"
"84600","2.8646753334999087","2.8646753334999087","2.8646753334999087"
"84700","2.8435698461532595","2.8435698461532595","2.8435698461532595"
"84800","2.892757296562195","2.892757296562195","2.892757296562195"
"84900","2.8893445897102357","2.8893445897102357","2.8893445897102357"
"85000","2.8921364045143125","2.8921364045143125","2.8921364045143125"
"85100","2.931306872367859","2.931306872367859","2.931306872367859"
"85200","2.920110228061676","2.920110228061676","2.920110228061676"
"85300","2.904013388156891","2.904013388156891","2.904013388156891"
"85400","2.834525237083435","2.834525237083435","2.834525237083435"
"85500","2.8959247779846193","2.8959247779846193","2.8959247779846193"
"85600","2.9202698183059694","2.9202698183059694","2.9202698183059694"
"85700","2.9091898584365845","2.9091898584365845","2.9091898584365845"
"85800","2.9007228946685792","2.9007228946685792","2.9007228946685792"
"85900","2.8717746758461","2.8717746758461","2.8717746758461"
"86000","2.825558886528015","2.825558886528015","2.825558886528015"
"86100","2.892528750896454","2.892528750896454","2.892528750896454"
"86200","2.8485899567604065","2.8485899567604065","2.8485899567604065"
"86300","2.879486474990845","2.879486474990845","2.879486474990845"
"86400","2.842992889881134","2.842992889881134","2.842992889881134"
"86500","2.8165066051483154","2.8165066051483154","2.8165066051483154"
"86600","2.875443820953369","2.875443820953369","2.875443820953369"
"86700","2.876060812473297","2.876060812473297","2.876060812473297"
"86800","2.889613356590271","2.889613356590271","2.889613356590271"
"86900","2.8727173900604246","2.8727173900604246","2.8727173900604246"
"87000","2.8430801749229433","2.8430801749229433","2.8430801749229433"
"87100","2.840250232219696","2.840250232219696","2.840250232219696"
"87200","2.857603385448456","2.857603385448456","2.857603385448456"
"87300","2.9245980310440065","2.9245980310440065","2.9245980310440065"
"87400","2.87636390209198","2.87636390209198","2.87636390209198"
"87500","2.930084488391876","2.930084488391876","2.930084488391876"
"87600","2.8612347054481506","2.8612347054481506","2.8612347054481506"
"87700","2.8879467964172365","2.8879467964172365","2.8879467964172365"
"87800","2.889971237182617","2.889971237182617","2.889971237182617"
"87900","2.847685990333557","2.847685990333557","2.847685990333557"
"88000","2.886897723674774","2.886897723674774","2.886897723674774"
"88100","2.902296013832092","2.902296013832092","2.902296013832092"
"88200","2.8943681037425995","2.8943681037425995","2.8943681037425995"
"88300","2.844418089389801","2.844418089389801","2.844418089389801"
"88400","2.896864697933197","2.896864697933197","2.896864697933197"
"88500","2.852674741744995","2.852674741744995","2.852674741744995"
"88600","2.887905306816101","2.887905306816101","2.887905306816101"
"88700","2.824391646385193","2.824391646385193","2.824391646385193"
"88800","2.92000111579895","2.92000111579895","2.92000111579895"
"88900","2.834539898633957","2.834539898633957","2.834539898633957"
"89000","2.8450828623771667","2.8450828623771667","2.8450828623771667"
"89100","2.882335560321808","2.882335560321808","2.882335560321808"
"89200","2.8072567796707153","2.8072567796707153","2.8072567796707153"
"89300","2.814635057449341","2.814635057449341","2.814635057449341"
"89400","2.880711622238159","2.880711622238159","2.880711622238159"
"89500","2.8523188281059264","2.8523188281059264","2.8523188281059264"
"89600","2.853059914112091","2.853059914112091","2.853059914112091"
"89700","2.8842440605163575","2.8842440605163575","2.8842440605163575"
"89800","2.8898483061790468","2.8898483061790468","2.8898483061790468"
"89900","2.8677787590026855","2.8677787590026855","2.8677787590026855"
"90000","2.839247000217438","2.839247000217438","2.839247000217438"
"90100","2.936233377456665","2.936233377456665","2.936233377456665"
"90200","2.832510595321655","2.832510595321655","2.832510595321655"
"90300","2.8306052041053773","2.8306052041053773","2.8306052041053773"
"90400","2.9246350479125978","2.9246350479125978","2.9246350479125978"
"90500","2.80046434879303","2.80046434879303","2.80046434879303"
"90600","2.8153039455413817","2.8153039455413817","2.8153039455413817"
"90700","2.7860552525520323","2.7860552525520323","2.7860552525520323"
"90800","2.8488559019565582","2.8488559019565582","2.8488559019565582"
"90900","2.857539417743683","2.857539417743683","2.857539417743683"
"91000","2.861138253211975","2.861138253211975","2.861138253211975"
"91100","2.8678149080276487","2.8678149080276487","2.8678149080276487"
"91200","2.8532370138168335","2.8532370138168335","2.8532370138168335"
"91300","2.844720480442047","2.844720480442047","2.844720480442047"
"91400","2.817811267375946","2.817811267375946","2.817811267375946"
"91500","2.8947311520576475","2.8947311520576475","2.8947311520576475"
"91600","2.8040050363540647","2.8040050363540647","2.8040050363540647"
"91700","2.7906636500358584","2.7906636500358584","2.7906636500358584"
"91800","2.87912562251091","2.87912562251091","2.87912562251091"
"91900","2.8750092649459837","2.8750092649459837","2.8750092649459837"
"92000","2.854876916408539","2.854876916408539","2.854876916408539"
"92100","2.834690787792206","2.834690787792206","2.834690787792206"
"92200","2.8354545640945434","2.8354545640945434","2.8354545640945434"
"92300","2.8566654348373413","2.8566654348373413","2.8566654348373413"
"92400","2.7960861229896548","2.7960861229896548","2.7960861229896548"
"92500","2.7881921768188476","2.7881921768188476","2.7881921768188476"
"92600","2.8408894419670103","2.8408894419670103","2.8408894419670103"
"92700","2.7903305983543394","2.7903305983543394","2.7903305983543394"
"92800","2.798025493621826","2.798025493621826","2.798025493621826"
"92900","2.8157213973999022","2.8157213973999022","2.8157213973999022"
"93000","2.836887412071228","2.836887412071228","2.836887412071228"
"93100","2.8361520528793336","2.8361520528793336","2.8361520528793336"
"93200","2.892424454689026","2.892424454689026","2.892424454689026"
"93300","2.84236533164978","2.84236533164978","2.84236533164978"
"93400","2.804738130569458","2.804738130569458","2.804738130569458"
"93500","2.8240328454971313","2.8240328454971313","2.8240328454971313"
"93600","2.8310937547683714","2.8310937547683714","2.8310937547683714"
"93700","2.7978729581832886","2.7978729581832886","2.7978729581832886"
"93800","2.8138779044151305","2.8138779044151305","2.8138779044151305"
"93900","2.790199717283249","2.790199717283249","2.790199717283249"
"94000","2.7921927690505983","2.7921927690505983","2.7921927690505983"
"94100","2.881583330631256","2.881583330631256","2.881583330631256"
"94200","2.7834269332885744","2.7834269332885744","2.7834269332885744"
"94300","2.8417904114723207","2.8417904114723207","2.8417904114723207"
"94400","2.8437416982650756","2.8437416982650756","2.8437416982650756"
"94500","2.797455060482025","2.797455060482025","2.797455060482025"
"94600","2.775953414440155","2.775953414440155","2.775953414440155"
"94700","2.7536178505420685","2.7536178505420685","2.7536178505420685"
"94800","2.801013194322586","2.801013194322586","2.801013194322586"
"94900","2.825306510925293","2.825306510925293","2.825306510925293"
"95000","2.820699083805084","2.820699083805084","2.820699083805084"
"95100","2.7893361139297483","2.7893361139297483","2.7893361139297483"
"95200","2.878183972835541","2.878183972835541","2.878183972835541"
"95300","2.8112899446487427","2.8112899446487427","2.8112899446487427"
"95400","2.8028579425811766","2.8028579425811766","2.8028579425811766"
"95500","2.7406799256801606","2.7406799256801606","2.7406799256801606"
"95600","2.836910467147827","2.836910467147827","2.836910467147827"
"95700","2.821747944355011","2.821747944355011","2.821747944355011"
"95800","2.7669124782085417","2.7669124782085417","2.7669124782085417"
"95900","2.816484661102295","2.816484661102295","2.816484661102295"
"96000","2.8196744298934937","2.8196744298934937","2.8196744298934937"
"96100","2.8320865488052367","2.8320865488052367","2.8320865488052367"
"96200","2.8435646367073057","2.8435646367073057","2.8435646367073057"
"96300","2.798855745792389","2.798855745792389","2.798855745792389"
"96400","2.7997724628448486","2.7997724628448486","2.7997724628448486"
"96500","2.783478784561157","2.783478784561157","2.783478784561157"
"96600","2.8107698440551756","2.8107698440551756","2.8107698440551756"
"96700","2.7816062140464783","2.7816062140464783","2.7816062140464783"
"96800","2.8730289578437804","2.8730289578437804","2.8730289578437804"
"96900","2.844142109155655","2.844142109155655","2.844142109155655"
"97000","2.7986677622795106","2.7986677622795106","2.7986677622795106"
"97100","2.7797555935382845","2.7797555935382845","2.7797555935382845"
"97200","2.814079587459564","2.814079587459564","2.814079587459564"
"97300","2.785441474914551","2.785441474914551","2.785441474914551"
"97400","2.7657231557369233","2.7657231557369233","2.7657231557369233"
"97500","2.832566397190094","2.832566397190094","2.832566397190094"
"97600","2.802536346912384","2.802536346912384","2.802536346912384"
"97700","2.7653544783592223","2.7653544783592223","2.7653544783592223"
"97800","2.749021146297455","2.749021146297455","2.749021146297455"
"97900","2.815178165435791","2.815178165435791","2.815178165435791"
"98000","2.775558828115463","2.775558828115463","2.775558828115463"
"98100","2.877299816608429","2.877299816608429","2.877299816608429"
"98200","2.7567245078086855","2.7567245078086855","2.7567245078086855"
"98300","2.7850939798355103","2.7850939798355103","2.7850939798355103"
"98400","2.8161869621276856","2.8161869621276856","2.8161869621276856"
"98500","2.768759242296219","2.768759242296219","2.768759242296219"
"98600","2.7534201455116274","2.7534201455116274","2.7534201455116274"
"98700","2.741195125579834","2.741195125579834","2.741195125579834"
"98800","2.8736787009239197","2.8736787009239197","2.8736787009239197"
"98900","2.6990310406684874","2.6990310406684874","2.6990310406684874"
"99000","2.782169449329376","2.782169449329376","2.782169449329376"
"99100","2.787479580640793","2.787479580640793","2.787479580640793"
"99200","2.777443759441376","2.777443759441376","2.777443759441376"
"99300","2.790746200084686","2.790746200084686","2.790746200084686"
"99400","2.746227352619171","2.746227352619171","2.746227352619171"
"99500","2.7831812942028047","2.7831812942028047","2.7831812942028047"
"99600","2.7806660211086274","2.7806660211086274","2.7806660211086274"
"99700","2.7617287135124204","2.7617287135124204","2.7617287135124204"
"99800","2.7968256855010987","2.7968256855010987","2.7968256855010987"
"99900","2.763862438201904","2.763862438201904","2.763862438201904"
"100000","2.8419611620903016","2.8419611620903016","2.8419611620903016"
"100100","2.685145995616913","2.685145995616913","2.685145995616913"
"100200","2.771569969654083","2.771569969654083","2.771569969654083"
"100300","2.778647077083588","2.778647077083588","2.778647077083588"
"100400","2.844194233417511","2.844194233417511","2.844194233417511"
"100500","2.725812077522278","2.725812077522278","2.725812077522278"
"100600","2.792160108089447","2.792160108089447","2.792160108089447"
"100700","2.755835589170456","2.755835589170456","2.755835589170456"
"100800","2.786588258743286","2.786588258743286","2.786588258743286"
"100900","2.7786558961868284","2.7786558961868284","2.7786558961868284"
"101000","2.796174936294556","2.796174936294556","2.796174936294556"
"101100","2.7735519862174987","2.7735519862174987","2.7735519862174987"
"101200","2.806333827972412","2.806333827972412","2.806333827972412"
"101300","2.7763091778755187","2.7763091778755187","2.7763091778755187"
"101400","2.7927496457099914","2.7927496457099914","2.7927496457099914"
"101500","2.7981714510917666","2.7981714510917666","2.7981714510917666"
"101600","2.786868350505829","2.786868350505829","2.786868350505829"
"101700","2.8057065916061403","2.8057065916061403","2.8057065916061403"
"101800","2.7731104588508604","2.7731104588508604","2.7731104588508604"
"101900","2.749417486190796","2.749417486190796","2.749417486190796"
"102000","2.7739772486686705","2.7739772486686705","2.7739772486686705"
"102100","2.7565086734294892","2.7565086734294892","2.7565086734294892"
"102200","2.7660802245140075","2.7660802245140075","2.7660802245140075"
"102300","2.7862949061393736","2.7862949061393736","2.7862949061393736"
"102400","2.800019805431366","2.800019805431366","2.800019805431366"
"102500","2.7786085748672487","2.7786085748672487","2.7786085748672487"
"102600","2.7481727504730227","2.7481727504730227","2.7481727504730227"
"102700","2.8000286507606504","2.8000286507606504","2.8000286507606504"
"102800","2.775189046859741","2.775189046859741","2.775189046859741"
"102900","2.769724407196045","2.769724407196045","2.769724407196045"
"103000","2.7804362452030182","2.7804362452030182","2.7804362452030182"
"103100","2.794467508792877","2.794467508792877","2.794467508792877"
"103200","2.7494559407234194","2.7494559407234194","2.7494559407234194"
"103300","2.768554275035858","2.768554275035858","2.768554275035858"
"103400","2.7607699608802796","2.7607699608802796","2.7607699608802796"
"103500","2.7881026434898377","2.7881026434898377","2.7881026434898377"
"103600","2.7201301217079163","2.7201301217079163","2.7201301217079163"
"103700","2.7652262830734253","2.7652262830734253","2.7652262830734253"
"103800","2.79114275097847","2.79114275097847","2.79114275097847"
"103900","2.758705258369446","2.758705258369446","2.758705258369446"
"104000","2.7591216802597045","2.7591216802597045","2.7591216802597045"
"104100","2.744702434539795","2.744702434539795","2.744702434539795"
"104200","2.7188406205177307","2.7188406205177307","2.7188406205177307"
"104300","2.712955265045166","2.712955265045166","2.712955265045166"
"104400","2.720770626068115","2.720770626068115","2.720770626068115"
"104500","2.7922279977798463","2.7922279977798463","2.7922279977798463"
"104600","2.8036246609687807","2.8036246609687807","2.8036246609687807"
"104700","2.7885754752159118","2.7885754752159118","2.7885754752159118"
"104800","2.752562322616577","2.752562322616577","2.752562322616577"
"104900","2.7659302973747253","2.7659302973747253","2.7659302973747253"
"105000","2.7507988917827606","2.7507988917827606","2.7507988917827606"
"105100","2.7745463156700136","2.7745463156700136","2.7745463156700136"
"105200","2.8347595739364624","2.8347595739364624","2.8347595739364624"
"105300","2.7619155406951905","2.7619155406951905","2.7619155406951905"
"105400","2.7114416766166687","2.7114416766166687","2.7114416766166687"
"105500","2.781102418899536","2.781102418899536","2.781102418899536"
"105600","2.776288838386536","2.776288838386536","2.776288838386536"
"105700","2.7744049191474915","2.7744049191474915","2.7744049191474915"
"105800","2.761345648765564","2.761345648765564","2.761345648765564"
"105900","2.7395239889621736","2.7395239889621736","2.7395239889621736"
"106000","2.7866308093070984","2.7866308093070984","2.7866308093070984"
"106100","2.739655563831329","2.739655563831329","2.739655563831329"
"106200","2.741977653503418","2.741977653503418","2.741977653503418"
"106300","2.7547614860534666","2.7547614860534666","2.7547614860534666"
"106400","2.760003263950348","2.760003263950348","2.760003263950348"
"106500","2.767249279022217","2.767249279022217","2.767249279022217"
"106600","2.7381551384925844","2.7381551384925844","2.7381551384925844"
"106700","2.768796510696411","2.768796510696411","2.768796510696411"
"106800","2.7948572027683256","2.7948572027683256","2.7948572027683256"
"106900","2.7293831872940064","2.7293831872940064","2.7293831872940064"
"107000","2.7701936316490174","2.7701936316490174","2.7701936316490174"
"107100","2.7188140606880187","2.7188140606880187","2.7188140606880187"
"107200","2.726900715827942","2.726900715827942","2.726900715827942"
"107300","2.7206355285644532","2.7206355285644532","2.7206355285644532"
"107400","2.76402547955513","2.76402547955513","2.76402547955513"
"107500","2.755440318584442","2.755440318584442","2.755440318584442"
"107600","2.748111526966095","2.748111526966095","2.748111526966095"
"107700","2.754508719444275","2.754508719444275","2.754508719444275"
"107800","2.7385525202751158","2.7385525202751158","2.7385525202751158"
"107900","2.70181711435318","2.70181711435318","2.70181711435318"
"108000","2.788206102848053","2.788206102848053","2.788206102848053"
"108100","2.7954338335990907","2.7954338335990907","2.7954338335990907"
"108200","2.7607932353019713","2.7607932353019713","2.7607932353019713"
"108300","2.706836671829224","2.706836671829224","2.706836671829224"
"108400","2.6740834856033326","2.6740834856033326","2.6740834856033326"
"108500","2.765387670993805","2.765387670993805","2.765387670993805"
"108600","2.7582879137992857","2.7582879137992857","2.7582879137992857"
"108700","2.6876122903823854","2.6876122903823854","2.6876122903823854"
"108800","2.738863320350647","2.738863320350647","2.738863320350647"
"108900","2.7356758737564086","2.7356758737564086","2.7356758737564086"
"109000","2.7714179873466493","2.7714179873466493","2.7714179873466493"
"109100","2.7287966418266296","2.7287966418266296","2.7287966418266296"
"109200","2.735817413330078","2.735817413330078","2.735817413330078"
"109300","2.7267719411849978","2.7267719411849978","2.7267719411849978"
"109400","2.7736166524887085","2.7736166524887085","2.7736166524887085"
"109500","2.6772210240364074","2.6772210240364074","2.6772210240364074"
"109600","2.744674645662308","2.744674645662308","2.744674645662308"
"109700","2.733439276218414","2.733439276218414","2.733439276218414"
"109800","2.7610005259513857","2.7610005259513857","2.7610005259513857"
"109900","2.7585116052627563","2.7585116052627563","2.7585116052627563"
"110000","2.7255325889587403","2.7255325889587403","2.7255325889587403"
"110100","2.7303854417800903","2.7303854417800903","2.7303854417800903"
"110200","2.6761903595924377","2.6761903595924377","2.6761903595924377"
"110300","2.7382568430900576","2.7382568430900576","2.7382568430900576"
"110400","2.7256680059432985","2.7256680059432985","2.7256680059432985"
"110500","2.717128154039383","2.717128154039383","2.717128154039383"
"110600","2.7413733649253844","2.7413733649253844","2.7413733649253844"
"110700","2.749861673116684","2.749861673116684","2.749861673116684"
"110800","2.6801555705070497","2.6801555705070497","2.6801555705070497"
"110900","2.833272042274475","2.833272042274475","2.833272042274475"
"111000","2.699686782360077","2.699686782360077","2.699686782360077"
"111100","2.7766054487228393","2.7766054487228393","2.7766054487228393"
"111200","2.737054566144943","2.737054566144943","2.737054566144943"
"111300","2.7181083869934084","2.7181083869934084","2.7181083869934084"
"111400","2.7060217118263243","2.7060217118263243","2.7060217118263243"
"111500","2.7230516505241393","2.7230516505241393","2.7230516505241393"
"111600","2.723000907897949","2.723000907897949","2.723000907897949"
"111700","2.6897670817375183","2.6897670817375183","2.6897670817375183"
"111800","2.7219410228729246","2.7219410228729246","2.7219410228729246"
"111900","2.6966461396217345","2.6966461396217345","2.6966461396217345"
"112000","2.660636007785797","2.660636007785797","2.660636007785797"
"112100","2.7456846809387208","2.7456846809387208","2.7456846809387208"
"112200","2.672832055091858","2.672832055091858","2.672832055091858"
"112300","2.727942168712616","2.727942168712616","2.727942168712616"
"112400","2.7017768597602845","2.7017768597602845","2.7017768597602845"
"112500","2.666799058914185","2.666799058914185","2.666799058914185"
"112600","2.664278199672699","2.664278199672699","2.664278199672699"
"112700","2.77521053314209","2.77521053314209","2.77521053314209"
"112800","2.709276478290558","2.709276478290558","2.709276478290558"
"112900","2.765752260684967","2.765752260684967","2.765752260684967"
"113000","2.7315787982940676","2.7315787982940676","2.7315787982940676"
"113100","2.657834746837616","2.657834746837616","2.657834746837616"
"113200","2.673186647891998","2.673186647891998","2.673186647891998"
"113300","2.7195916748046876","2.7195916748046876","2.7195916748046876"
"113400","2.6649642610549926","2.6649642610549926","2.6649642610549926"
"113500","2.6785420954227446","2.6785420954227446","2.6785420954227446"
"113600","2.68896764755249","2.68896764755249","2.68896764755249"
"113700","2.699874453544617","2.699874453544617","2.699874453544617"
"113800","2.683824462890625","2.683824462890625","2.683824462890625"
"113900","2.752805564403534","2.752805564403534","2.752805564403534"
"114000","2.6842667841911316","2.6842667841911316","2.6842667841911316"
"114100","2.687552752494812","2.687552752494812","2.687552752494812"
"114200","2.6539257740974427","2.6539257740974427","2.6539257740974427"
"114300","2.713371732234955","2.713371732234955","2.713371732234955"
"114400","2.713394820690155","2.713394820690155","2.713394820690155"
"114500","2.7166016340255736","2.7166016340255736","2.7166016340255736"
"114600","2.6745292747020724","2.6745292747020724","2.6745292747020724"
"114700","2.721325936317444","2.721325936317444","2.721325936317444"
"114800","2.7050972104072573","2.7050972104072573","2.7050972104072573"
"114900","2.7400159895420075","2.7400159895420075","2.7400159895420075"
"115000","2.6622085046768187","2.6622085046768187","2.6622085046768187"
"115100","2.662570447921753","2.662570447921753","2.662570447921753"
"115200","2.6944856667518615","2.6944856667518615","2.6944856667518615"
"115300","2.683244504928589","2.683244504928589","2.683244504928589"
"115400","2.6967760014533995","2.6967760014533995","2.6967760014533995"
"115500","2.701585963964462","2.701585963964462","2.701585963964462"
"115600","2.696581070423126","2.696581070423126","2.696581070423126"
"115700","2.6904113614559173","2.6904113614559173","2.6904113614559173"
"115800","2.7246485352516174","2.7246485352516174","2.7246485352516174"
"115900","2.73412474155426","2.73412474155426","2.73412474155426"
"116000","2.6646456122398376","2.6646456122398376","2.6646456122398376"
"116100","2.680187258720398","2.680187258720398","2.680187258720398"
"116200","2.6475532519817353","2.6475532519817353","2.6475532519817353"
"116300","2.632529761791229","2.632529761791229","2.632529761791229"
"116400","2.7248099040985108","2.7248099040985108","2.7248099040985108"
"116500","2.7365694737434385","2.7365694737434385","2.7365694737434385"
"116600","2.6922451090812682","2.6922451090812682","2.6922451090812682"
"116700","2.6478230857849123","2.6478230857849123","2.6478230857849123"
"116800","2.6972566175460817","2.6972566175460817","2.6972566175460817"
"116900","2.6894240021705627","2.6894240021705627","2.6894240021705627"
"117000","2.699968749284744","2.699968749284744","2.699968749284744"
"117100","2.649532746076584","2.649532746076584","2.649532746076584"
"117200","2.72043848991394","2.72043848991394","2.72043848991394"
"117300","2.653439769744873","2.653439769744873","2.653439769744873"
"117400","2.6952736139297486","2.6952736139297486","2.6952736139297486"
"117500","2.7370646834373473","2.7370646834373473","2.7370646834373473"
"117600","2.703936550617218","2.703936550617218","2.703936550617218"
"117700","2.66702885389328","2.66702885389328","2.66702885389328"
"117800","2.644439796209335","2.644439796209335","2.644439796209335"
"117900","2.6686561381816865","2.6686561381816865","2.6686561381816865"
"118000","2.692378878593445","2.692378878593445","2.692378878593445"
"118100","2.6193251621723177","2.6193251621723177","2.6193251621723177"
"118200","2.641648118495941","2.641648118495941","2.641648118495941"
"118300","2.7270543217658996","2.7270543217658996","2.7270543217658996"
"118400","2.6524384891986847","2.6524384891986847","2.6524384891986847"
"118500","2.7003785967826843","2.7003785967826843","2.7003785967826843"
"118600","2.6361533617973327","2.6361533617973327","2.6361533617973327"
"118700","2.691484656333923","2.691484656333923","2.691484656333923"
"118800","2.666642768383026","2.666642768383026","2.666642768383026"
"118900","2.7403323137760163","2.7403323137760163","2.7403323137760163"
"119000","2.6906991457939147","2.6906991457939147","2.6906991457939147"
"119100","2.709525306224823","2.709525306224823","2.709525306224823"
"119200","2.678742663860321","2.678742663860321","2.678742663860321"
"119300","2.6684897601604463","2.6684897601604463","2.6684897601604463"
"119400","2.6476191425323488","2.6476191425323488","2.6476191425323488"
"119500","2.6910364401340483","2.6910364401340483","2.6910364401340483"
"119600","2.6581351923942567","2.6581351923942567","2.6581351923942567"
"119700","2.7046920609474183","2.7046920609474183","2.7046920609474183"
"119800","2.685526385307312","2.685526385307312","2.685526385307312"
"119900","2.7368961477279665","2.7368961477279665","2.7368961477279665"
"120000","2.6948964905738833","2.6948964905738833","2.6948964905738833"
"120100","2.64447727560997","2.64447727560997","2.64447727560997"
"120200","2.7261883282661437","2.7261883282661437","2.7261883282661437"
"120300","2.6850937163829802","2.6850937163829802","2.6850937163829802"
"120400","2.620560872554779","2.620560872554779","2.620560872554779"
"120500","2.608393803834915","2.608393803834915","2.608393803834915"
"120600","2.685993537902832","2.685993537902832","2.685993537902832"
"120700","2.7073569297790527","2.7073569297790527","2.7073569297790527"
"120800","2.6847135293483735","2.6847135293483735","2.6847135293483735"
"120900","2.6516097581386564","2.6516097581386564","2.6516097581386564"
"121000","2.6957602977752684","2.6957602977752684","2.6957602977752684"
"121100","2.6670872175693514","2.6670872175693514","2.6670872175693514"
"121200","2.722167208194733","2.722167208194733","2.722167208194733"
"121300","2.637911400794983","2.637911400794983","2.637911400794983"
"121400","2.6367879557609557","2.6367879557609557","2.6367879557609557"
"121500","2.7097579681873323","2.7097579681873323","2.7097579681873323"
"121600","2.6357215082645418","2.6357215082645418","2.6357215082645418"
"121700","2.69447217464447","2.69447217464447","2.69447217464447"
"121800","2.7190874886512755","2.7190874886512755","2.7190874886512755"
"121900","2.6367516708374024","2.6367516708374024","2.6367516708374024"
"122000","2.673800741434097","2.673800741434097","2.673800741434097"
"122100","2.675593934059143","2.675593934059143","2.675593934059143"
"122200","2.6814196610450747","2.6814196610450747","2.6814196610450747"
"122300","2.7019969415664673","2.7019969415664673","2.7019969415664673"
"122400","2.6589489793777465","2.6589489793777465","2.6589489793777465"
"122500","2.6489049220085144","2.6489049220085144","2.6489049220085144"
"122600","2.680585403442383","2.680585403442383","2.680585403442383"
"122700","2.6760151994228365","2.6760151994228365","2.6760151994228365"
"122800","2.6945382523536683","2.6945382523536683","2.6945382523536683"
"122900","2.68450035572052","2.68450035572052","2.68450035572052"
"123000","2.65652179479599","2.65652179479599","2.65652179479599"
"123100","2.6430724930763243","2.6430724930763243","2.6430724930763243"
"123200","2.6906445050239562","2.6906445050239562","2.6906445050239562"
"123300","2.630054306983948","2.630054306983948","2.630054306983948"
"123400","2.6736974120140076","2.6736974120140076","2.6736974120140076"
"123500","2.6318020713329315","2.6318020713329315","2.6318020713329315"
"123600","2.682739005088806","2.682739005088806","2.682739005088806"
"123700","2.721257493495941","2.721257493495941","2.721257493495941"
"123800","2.705675916671753","2.705675916671753","2.705675916671753"
"123900","2.655018547773361","2.655018547773361","2.655018547773361"
"124000","2.651054528951645","2.651054528951645","2.651054528951645"
"124100","2.6635272455215455","2.6635272455215455","2.6635272455215455"
"124200","2.7056750190258025","2.7056750190258025","2.7056750190258025"
"124300","2.6823000943660738","2.6823000943660738","2.6823000943660738"
"124400","2.6873628306388855","2.6873628306388855","2.6873628306388855"
"124500","2.6730572843551634","2.6730572843551634","2.6730572843551634"
"124600","2.6273456954956056","2.6273456954956056","2.6273456954956056"
"124700","2.6001010298728944","2.6001010298728944","2.6001010298728944"
"124800","2.6510204815864564","2.6510204815864564","2.6510204815864564"
"124900","2.63750239610672","2.63750239610672","2.63750239610672"
"125000","2.664727168083191","2.664727168083191","2.664727168083191"
"125100","2.642468568086624","2.642468568086624","2.642468568086624"
"125200","2.6248963725566865","2.6248963725566865","2.6248963725566865"
"125300","2.70366681933403","2.70366681933403","2.70366681933403"
"125400","2.5792169094085695","2.5792169094085695","2.5792169094085695"
"125500","2.658358359336853","2.658358359336853","2.658358359336853"
"125600","2.6611957120895386","2.6611957120895386","2.6611957120895386"
"125700","2.7467489218711854","2.7467489218711854","2.7467489218711854"
"125800","2.6514657163619995","2.6514657163619995","2.6514657163619995"
"125900","2.6894556784629824","2.6894556784629824","2.6894556784629824"
"126000","2.676783950328827","2.676783950328827","2.676783950328827"
"126100","2.58146852016449","2.58146852016449","2.58146852016449"
"126200","2.6325758028030397","2.6325758028030397","2.6325758028030397"
"126300","2.6547136878967286","2.6547136878967286","2.6547136878967286"
"126400","2.6333655858039857","2.6333655858039857","2.6333655858039857"
"126500","2.6298606491088865","2.6298606491088865","2.6298606491088865"
"126600","2.580746957063675","2.580746957063675","2.580746957063675"
"126700","2.6419727087020872","2.6419727087020872","2.6419727087020872"
"126800","2.6674121379852296","2.6674121379852296","2.6674121379852296"
"126900","2.655123314857483","2.655123314857483","2.655123314857483"
"127000","2.6371758508682253","2.6371758508682253","2.6371758508682253"
"127100","2.593176348209381","2.593176348209381","2.593176348209381"
"127200","2.6712029480934145","2.6712029480934145","2.6712029480934145"
"127300","2.7017785930633544","2.7017785930633544","2.7017785930633544"
"127400","2.6309062480926513","2.6309062480926513","2.6309062480926513"
"127500","2.5681222653388978","2.5681222653388978","2.5681222653388978"
"127600","2.666368515491486","2.666368515491486","2.666368515491486"
"127700","2.6200400936603545","2.6200400936603545","2.6200400936603545"
"127800","2.666446396112442","2.666446396112442","2.666446396112442"
"127900","2.7028374433517457","2.7028374433517457","2.7028374433517457"
"128000","2.6247897922992705","2.6247897922992705","2.6247897922992705"
"128100","2.609984463453293","2.609984463453293","2.609984463453293"
"128200","2.6351350247859955","2.6351350247859955","2.6351350247859955"
"128300","2.6151663517951964","2.6151663517951964","2.6151663517951964"
"128400","2.614786670207977","2.614786670207977","2.614786670207977"
"128500","2.6665298342704773","2.6665298342704773","2.6665298342704773"
"128600","2.6722004127502443","2.6722004127502443","2.6722004127502443"
"128700","2.6556369185447695","2.6556369185447695","2.6556369185447695"
"128800","2.6607797622680662","2.6607797622680662","2.6607797622680662"
"128900","2.6294064009189606","2.6294064009189606","2.6294064009189606"
"129000","2.5941383600234986","2.5941383600234986","2.5941383600234986"
"129100","2.690227122306824","2.690227122306824","2.690227122306824"
"129200","2.5690238285064697","2.5690238285064697","2.5690238285064697"
"129300","2.6370499753952026","2.6370499753952026","2.6370499753952026"
"129400","2.6193272042274476","2.6193272042274476","2.6193272042274476"
"129500","2.5850863099098205","2.5850863099098205","2.5850863099098205"
"129600","2.690482736825943","2.690482736825943","2.690482736825943"
"129700","2.667063235044479","2.667063235044479","2.667063235044479"
"129800","2.628508996963501","2.628508996963501","2.628508996963501"
"129900","2.6766008305549622","2.6766008305549622","2.6766008305549622"
"130000","2.6241177320480347","2.6241177320480347","2.6241177320480347"
"130100","2.630852839946747","2.630852839946747","2.630852839946747"
"130200","2.6542930817604065","2.6542930817604065","2.6542930817604065"
"130300","2.600510458946228","2.600510458946228","2.600510458946228"
"130400","2.6142124116420744","2.6142124116420744","2.6142124116420744"
"130500","2.608023393154144","2.608023393154144","2.608023393154144"
"130600","2.611845543384552","2.611845543384552","2.611845543384552"
"130700","2.6099398636817934","2.6099398636817934","2.6099398636817934"
"130800","2.640295001268387","2.640295001268387","2.640295001268387"
"130900","2.6348184430599213","2.6348184430599213","2.6348184430599213"
"131000","2.6605091202259064","2.6605091202259064","2.6605091202259064"
"131100","2.595281946659088","2.595281946659088","2.595281946659088"
"131200","2.576056433916092","2.576056433916092","2.576056433916092"
"131300","2.5986101019382475","2.5986101019382475","2.5986101019382475"
"131400","2.6515379476547243","2.6515379476547243","2.6515379476547243"
"131500","2.637850227355957","2.637850227355957","2.637850227355957"
"131600","2.629694117307663","2.629694117307663","2.629694117307663"
"131700","2.620169528722763","2.620169528722763","2.620169528722763"
"131800","2.597763396501541","2.597763396501541","2.597763396501541"
"131900","2.6148906743526457","2.6148906743526457","2.6148906743526457"
"132000","2.585689525604248","2.585689525604248","2.585689525604248"
"132100","2.552398897409439","2.552398897409439","2.552398897409439"
"132200","2.578548903465271","2.578548903465271","2.578548903465271"
"132300","2.639766446352005","2.639766446352005","2.639766446352005"