"Step","mse - loss","mse - loss__MIN","mse - loss__MAX"
"100","5.298049614429474","5.298049614429474","5.298049614429474"
"200","2.347677810192108","2.347677810192108","2.347677810192108"
"300","2.175373376607895","2.175373376607895","2.175373376607895"
"400","2.063357803821564","2.063357803821564","2.063357803821564"
"500","1.9175755310058593","1.9175755310058593","1.9175755310058593"
"600","1.8186359930038452","1.8186359930038452","1.8186359930038452"
"700","1.747211867570877","1.747211867570877","1.747211867570877"
"800","1.6615912652015685","1.6615912652015685","1.6615912652015685"
"900","1.6331918597221375","1.6331918597221375","1.6331918597221375"
"1000","1.582461885213852","1.582461885213852","1.582461885213852"
"1100","1.5289752459526063","1.5289752459526063","1.5289752459526063"
"1200","1.5021456801891326","1.5021456801891326","1.5021456801891326"
"1300","1.471456687450409","1.471456687450409","1.471456687450409"
"1400","1.420317794084549","1.420317794084549","1.420317794084549"
"1500","1.4360042136907578","1.4360042136907578","1.4360042136907578"
"1600","1.3834361284971237","1.3834361284971237","1.3834361284971237"
"1700","1.3458370369672776","1.3458370369672776","1.3458370369672776"
"1800","1.3699379694461822","1.3699379694461822","1.3699379694461822"
"1900","1.2900869458913804","1.2900869458913804","1.2900869458913804"
"2000","1.2983542168140412","1.2983542168140412","1.2983542168140412"
"2100","1.2641788876056672","1.2641788876056672","1.2641788876056672"
"2200","1.2961109644174575","1.2961109644174575","1.2961109644174575"
"2300","1.2150232940912247","1.2150232940912247","1.2150232940912247"
"2400","1.199766930937767","1.199766930937767","1.199766930937767"
"2500","1.229775875210762","1.229775875210762","1.229775875210762"
"2600","1.181051419377327","1.181051419377327","1.181051419377327"
"2700","1.150201205611229","1.150201205611229","1.150201205611229"
"2800","1.155605599284172","1.155605599284172","1.155605599284172"
"2900","1.1167800104618073","1.1167800104618073","1.1167800104618073"
"3000","1.130631816983223","1.130631816983223","1.130631816983223"
"3100","1.094995893239975","1.094995893239975","1.094995893239975"
"3200","1.081838409304619","1.081838409304619","1.081838409304619"
"3300","1.1089569556713104","1.1089569556713104","1.1089569556713104"
"3400","1.0399030256271362","1.0399030256271362","1.0399030256271362"
"3500","1.063043348789215","1.063043348789215","1.063043348789215"
"3600","1.0282211750745773","1.0282211750745773","1.0282211750745773"
"3700","1.0107719749212265","1.0107719749212265","1.0107719749212265"
"3800","1.0433686167001723","1.0433686167001723","1.0433686167001723"
"3900","1.0153608518838881","1.0153608518838881","1.0153608518838881"
"4000","1.0043275606632234","1.0043275606632234","1.0043275606632234"
"4100","0.9739673668146134","0.9739673668146134","0.9739673668146134"
"4200","0.9732604664564133","0.9732604664564133","0.9732604664564133"
"4300","0.9813918244838714","0.9813918244838714","0.9813918244838714"
"4400","0.9665977692604065","0.9665977692604065","0.9665977692604065"
"4500","0.9624709451198578","0.9624709451198578","0.9624709451198578"
"4600","0.9516147708892823","0.9516147708892823","0.9516147708892823"
"4700","0.9326319527626038","0.9326319527626038","0.9326319527626038"
"4800","0.952249875664711","0.952249875664711","0.952249875664711"
"4900","0.8970999693870545","0.8970999693870545","0.8970999693870545"
"5000","0.9479213762283325","0.9479213762283325","0.9479213762283325"
"5100","0.9002098429203034","0.9002098429203034","0.9002098429203034"
"5200","0.9016597074270248","0.9016597074270248","0.9016597074270248"
"5300","0.9105482041835785","0.9105482041835785","0.9105482041835785"
"5400","0.8726065492630005","0.8726065492630005","0.8726065492630005"
"5500","0.911582116484642","0.911582116484642","0.911582116484642"
"5600","0.8624137437343598","0.8624137437343598","0.8624137437343598"
"5700","0.877981789112091","0.877981789112091","0.877981789112091"
"5800","0.8623240178823471","0.8623240178823471","0.8623240178823471"
"5900","0.8583054649829864","0.8583054649829864","0.8583054649829864"
"6000","0.8458695423603058","0.8458695423603058","0.8458695423603058"
"6100","0.849007294178009","0.849007294178009","0.849007294178009"
"6200","0.8303114116191864","0.8303114116191864","0.8303114116191864"
"6300","0.834969978928566","0.834969978928566","0.834969978928566"
"6400","0.8599443578720093","0.8599443578720093","0.8599443578720093"
"6500","0.8172168278694153","0.8172168278694153","0.8172168278694153"
"6600","0.8379757684469223","0.8379757684469223","0.8379757684469223"
"6700","0.8110824036598205","0.8110824036598205","0.8110824036598205"
"6800","0.803249300122261","0.803249300122261","0.803249300122261"
"6900","0.809844604730606","0.809844604730606","0.809844604730606"
"7000","0.7907689052820206","0.7907689052820206","0.7907689052820206"
"7100","0.7872597509622574","0.7872597509622574","0.7872597509622574"
"7200","0.8104320287704467","0.8104320287704467","0.8104320287704467"
"7300","0.791230057477951","0.791230057477951","0.791230057477951"
"7400","0.7746788519620895","0.7746788519620895","0.7746788519620895"
"7500","0.7939630836248398","0.7939630836248398","0.7939630836248398"
"7600","0.749473876953125","0.749473876953125","0.749473876953125"
"7700","0.7579363477230072","0.7579363477230072","0.7579363477230072"
"7800","0.7855938684940338","0.7855938684940338","0.7855938684940338"
"7900","0.7533433413505555","0.7533433413505555","0.7533433413505555"
"8000","0.753869549036026","0.753869549036026","0.753869549036026"
"8100","0.7792159736156463","0.7792159736156463","0.7792159736156463"
"8200","0.7486275988817215","0.7486275988817215","0.7486275988817215"
"8300","0.7460308182239532","0.7460308182239532","0.7460308182239532"
"8400","0.7491048935055733","0.7491048935055733","0.7491048935055733"
"8500","0.7393671411275864","0.7393671411275864","0.7393671411275864"
"8600","0.7202892726659775","0.7202892726659775","0.7202892726659775"
"8700","0.7386561697721481","0.7386561697721481","0.7386561697721481"
"8800","0.7366095954179763","0.7366095954179763","0.7366095954179763"
"8900","0.7182778108119965","0.7182778108119965","0.7182778108119965"
"9000","0.7105381786823273","0.7105381786823273","0.7105381786823273"
"9100","0.7126158517599106","0.7126158517599106","0.7126158517599106"
"9200","0.7134692907333374","0.7134692907333374","0.7134692907333374"
"9300","0.7114804768562317","0.7114804768562317","0.7114804768562317"
"9400","0.7146991473436356","0.7146991473436356","0.7146991473436356"
"9500","0.7184967947006226","0.7184967947006226","0.7184967947006226"
"9600","0.6957736441493034","0.6957736441493034","0.6957736441493034"
"9700","0.7075663337111473","0.7075663337111473","0.7075663337111473"
"9800","0.7043794760107994","0.7043794760107994","0.7043794760107994"
"9900","0.6788166648149491","0.6788166648149491","0.6788166648149491"
"10000","0.7012003242969513","0.7012003242969513","0.7012003242969513"
"10100","0.7111522430181503","0.7111522430181503","0.7111522430181503"
"10200","0.6881610068678856","0.6881610068678856","0.6881610068678856"
"10300","0.6722944170236588","0.6722944170236588","0.6722944170236588"
"10400","0.6811993485689163","0.6811993485689163","0.6811993485689163"
"10500","0.6702543777227402","0.6702543777227402","0.6702543777227402"
"10600","0.6609164932370186","0.6609164932370186","0.6609164932370186"
"10700","0.666160284280777","0.666160284280777","0.666160284280777"
"10800","0.6542167234420776","0.6542167234420776","0.6542167234420776"
"10900","0.6695742452144623","0.6695742452144623","0.6695742452144623"
"11000","0.668981973528862","0.668981973528862","0.668981973528862"
"11100","0.6667961946129799","0.6667961946129799","0.6667961946129799"
"11200","0.6478987082839012","0.6478987082839012","0.6478987082839012"
"11300","0.6607727789878846","0.6607727789878846","0.6607727789878846"
"11400","0.6394416278600693","0.6394416278600693","0.6394416278600693"
"11500","0.6459240227937698","0.6459240227937698","0.6459240227937698"
"11600","0.6479677191376686","0.6479677191376686","0.6479677191376686"
"11700","0.6529506275057793","0.6529506275057793","0.6529506275057793"
"11800","0.6068182447552681","0.6068182447552681","0.6068182447552681"
"11900","0.6635050582885742","0.6635050582885742","0.6635050582885742"
"12000","0.6393607556819916","0.6393607556819916","0.6393607556819916"
"12100","0.6094173249602318","0.6094173249602318","0.6094173249602318"
"12200","0.622208072245121","0.622208072245121","0.622208072245121"
"12300","0.6429916971921921","0.6429916971921921","0.6429916971921921"
"12400","0.6360285237431527","0.6360285237431527","0.6360285237431527"
"12500","0.6257164430618286","0.6257164430618286","0.6257164430618286"
"12600","0.6173258417844772","0.6173258417844772","0.6173258417844772"
"12700","0.6282640612125396","0.6282640612125396","0.6282640612125396"
"12800","0.6169391334056854","0.6169391334056854","0.6169391334056854"
"12900","0.6284269446134567","0.6284269446134567","0.6284269446134567"
"13000","0.6034580990672112","0.6034580990672112","0.6034580990672112"
"13100","0.6193511429429054","0.6193511429429054","0.6193511429429054"
"13200","0.6038125970959664","0.6038125970959664","0.6038125970959664"
"13300","0.6165380054712295","0.6165380054712295","0.6165380054712295"
"13400","0.6045551115274429","0.6045551115274429","0.6045551115274429"
"13500","0.5931623753905296","0.5931623753905296","0.5931623753905296"
"13600","0.5976147192716599","0.5976147192716599","0.5976147192716599"
"13700","0.600737278163433","0.600737278163433","0.600737278163433"
"13800","0.6006393596529961","0.6006393596529961","0.6006393596529961"
"13900","0.5765012842416763","0.5765012842416763","0.5765012842416763"
"14000","0.5961603412032127","0.5961603412032127","0.5961603412032127"
"14100","0.5958194276690483","0.5958194276690483","0.5958194276690483"
"14200","0.595597485601902","0.595597485601902","0.595597485601902"
"14300","0.5863030967116356","0.5863030967116356","0.5863030967116356"
"14400","0.6005549767613411","0.6005549767613411","0.6005549767613411"
"14500","0.5765091493725777","0.5765091493725777","0.5765091493725777"
"14600","0.5901851415634155","0.5901851415634155","0.5901851415634155"
"14700","0.5756784588098526","0.5756784588098526","0.5756784588098526"
"14800","0.6054348218441009","0.6054348218441009","0.6054348218441009"
"14900","0.5738569214940071","0.5738569214940071","0.5738569214940071"
"15000","0.5789412605762482","0.5789412605762482","0.5789412605762482"
"15100","0.573962881565094","0.573962881565094","0.573962881565094"
"15200","0.5632376947999","0.5632376947999","0.5632376947999"
"15300","0.5895384427905083","0.5895384427905083","0.5895384427905083"
"15400","0.5696977394819259","0.5696977394819259","0.5696977394819259"
"15500","0.5690060585737229","0.5690060585737229","0.5690060585737229"
"15600","0.5714198565483093","0.5714198565483093","0.5714198565483093"
"15700","0.5718553790450096","0.5718553790450096","0.5718553790450096"
"15800","0.5720612165331841","0.5720612165331841","0.5720612165331841"
"15900","0.5721552520990372","0.5721552520990372","0.5721552520990372"
"16000","0.5700855708122253","0.5700855708122253","0.5700855708122253"
"16100","0.5566717991232872","0.5566717991232872","0.5566717991232872"
"16200","0.5624033483862877","0.5624033483862877","0.5624033483862877"
"16300","0.5605822372436523","0.5605822372436523","0.5605822372436523"
"16400","0.5414012768864631","0.5414012768864631","0.5414012768864631"
"16500","0.5479413637518883","0.5479413637518883","0.5479413637518883"
"16600","0.5640422609448433","0.5640422609448433","0.5640422609448433"
"16700","0.5377915400266647","0.5377915400266647","0.5377915400266647"
"16800","0.5529706031084061","0.5529706031084061","0.5529706031084061"
"16900","0.5531704047322273","0.5531704047322273","0.5531704047322273"
"17000","0.5385650354623794","0.5385650354623794","0.5385650354623794"
"17100","0.558039017021656","0.558039017021656","0.558039017021656"
"17200","0.5322065356373787","0.5322065356373787","0.5322065356373787"
"17300","0.5168597918748855","0.5168597918748855","0.5168597918748855"
"17400","0.5501813778281212","0.5501813778281212","0.5501813778281212"
"17500","0.5436148554086685","0.5436148554086685","0.5436148554086685"
"17600","0.5354300922155381","0.5354300922155381","0.5354300922155381"
"17700","0.5548876059055329","0.5548876059055329","0.5548876059055329"
"17800","0.5337935292720795","0.5337935292720795","0.5337935292720795"
"17900","0.5493138563632965","0.5493138563632965","0.5493138563632965"
"18000","0.5347610411047935","0.5347610411047935","0.5347610411047935"
"18100","0.5385540744662285","0.5385540744662285","0.5385540744662285"
"18200","0.5219059693813324","0.5219059693813324","0.5219059693813324"
"18300","0.5244263303279877","0.5244263303279877","0.5244263303279877"
"18400","0.514461207985878","0.514461207985878","0.514461207985878"
"18500","0.5275140252709388","0.5275140252709388","0.5275140252709388"
"18600","0.509445221722126","0.509445221722126","0.509445221722126"
"18700","0.5379686865210533","0.5379686865210533","0.5379686865210533"
"18800","0.5113268631696701","0.5113268631696701","0.5113268631696701"
"18900","0.5208440032601357","0.5208440032601357","0.5208440032601357"
"19000","0.532872319817543","0.532872319817543","0.532872319817543"
"19100","0.5096280336380005","0.5096280336380005","0.5096280336380005"
"19200","0.5166630673408509","0.5166630673408509","0.5166630673408509"
"19300","0.5079878258705139","0.5079878258705139","0.5079878258705139"
"19400","0.4925237223505974","0.4925237223505974","0.4925237223505974"
"19500","0.5333300077915192","0.5333300077915192","0.5333300077915192"
"19600","0.5134160184860229","0.5134160184860229","0.5134160184860229"
"19700","0.5109941658377647","0.5109941658377647","0.5109941658377647"
"19800","0.5166206043958664","0.5166206043958664","0.5166206043958664"
"19900","0.5034920778870583","0.5034920778870583","0.5034920778870583"
"20000","0.5092751678824424","0.5092751678824424","0.5092751678824424"
"20100","0.4961520072817802","0.4961520072817802","0.4961520072817802"
"20200","0.5098875722289086","0.5098875722289086","0.5098875722289086"
"20300","0.5026218336820603","0.5026218336820603","0.5026218336820603"
"20400","0.517937171459198","0.517937171459198","0.517937171459198"
"20500","0.5002568817138672","0.5002568817138672","0.5002568817138672"
"20600","0.495245920419693","0.495245920419693","0.495245920419693"
"20700","0.498609559237957","0.498609559237957","0.498609559237957"
"20800","0.5105501684546471","0.5105501684546471","0.5105501684546471"
"20900","0.5005869692564011","0.5005869692564011","0.5005869692564011"
"21000","0.505624834895134","0.505624834895134","0.505624834895134"
"21100","0.4898691776394844","0.4898691776394844","0.4898691776394844"
"21200","0.5024660021066666","0.5024660021066666","0.5024660021066666"
"21300","0.5065947631001473","0.5065947631001473","0.5065947631001473"
"21400","0.4856095391511917","0.4856095391511917","0.4856095391511917"
"21500","0.48495056182146073","0.48495056182146073","0.48495056182146073"
"21600","0.478020586669445","0.478020586669445","0.478020586669445"
"21700","0.4908359614014626","0.4908359614014626","0.4908359614014626"
"21800","0.4779749655723572","0.4779749655723572","0.4779749655723572"
"21900","0.49553086280822756","0.49553086280822756","0.49553086280822756"
"22000","0.48626807242631914","0.48626807242631914","0.48626807242631914"
"22100","0.4918991640210152","0.4918991640210152","0.4918991640210152"
"22200","0.4776197296380997","0.4776197296380997","0.4776197296380997"
"22300","0.4802428138256073","0.4802428138256073","0.4802428138256073"
"22400","0.47916352361440656","0.47916352361440656","0.47916352361440656"
"22500","0.4827813187241554","0.4827813187241554","0.4827813187241554"
"22600","0.47959967970848083","0.47959967970848083","0.47959967970848083"
"22700","0.49054842680692673","0.49054842680692673","0.49054842680692673"
"22800","0.4731883701682091","0.4731883701682091","0.4731883701682091"
"22900","0.47593998461961745","0.47593998461961745","0.47593998461961745"
"23000","0.4860535421967506","0.4860535421967506","0.4860535421967506"
"23100","0.4810321205854416","0.4810321205854416","0.4810321205854416"
"23200","0.4691172182559967","0.4691172182559967","0.4691172182559967"
"23300","0.47984090030193327","0.47984090030193327","0.47984090030193327"
"23400","0.47540868788957596","0.47540868788957596","0.47540868788957596"
"23500","0.47392396211624144","0.47392396211624144","0.47392396211624144"
"23600","0.47318132877349856","0.47318132877349856","0.47318132877349856"
"23700","0.49142313688993455","0.49142313688993455","0.49142313688993455"
"23800","0.4744756692647934","0.4744756692647934","0.4744756692647934"
"23900","0.4593830579519272","0.4593830579519272","0.4593830579519272"
"24000","0.46065794229507445","0.46065794229507445","0.46065794229507445"
"24100","0.4730051252245903","0.4730051252245903","0.4730051252245903"
"24200","0.4713153812289238","0.4713153812289238","0.4713153812289238"
"24300","0.45560481518507","0.45560481518507","0.45560481518507"
"24400","0.4600906133651733","0.4600906133651733","0.4600906133651733"
"24500","0.4682928192615509","0.4682928192615509","0.4682928192615509"
"24600","0.46211514323949815","0.46211514323949815","0.46211514323949815"
"24700","0.4498030677437782","0.4498030677437782","0.4498030677437782"
"24800","0.4625083297491074","0.4625083297491074","0.4625083297491074"
"24900","0.45798474818468093","0.45798474818468093","0.45798474818468093"
"25000","0.45210852205753327","0.45210852205753327","0.45210852205753327"
"25100","0.47588845282793046","0.47588845282793046","0.47588845282793046"
"25200","0.4602315339446068","0.4602315339446068","0.4602315339446068"
"25300","0.44114142388105393","0.44114142388105393","0.44114142388105393"
"25400","0.45024104714393615","0.45024104714393615","0.45024104714393615"
"25500","0.44576863169670106","0.44576863169670106","0.44576863169670106"
"25600","0.45253084003925326","0.45253084003925326","0.45253084003925326"
"25700","0.46309209764003756","0.46309209764003756","0.46309209764003756"
"25800","0.45250703155994415","0.45250703155994415","0.45250703155994415"
"25900","0.44128196328878405","0.44128196328878405","0.44128196328878405"
"26000","0.44887942194938657","0.44887942194938657","0.44887942194938657"
"26100","0.45584515273571014","0.45584515273571014","0.45584515273571014"
"26200","0.4497078815102577","0.4497078815102577","0.4497078815102577"
"26300","0.444052055478096","0.444052055478096","0.444052055478096"
"26400","0.4495212456583977","0.4495212456583977","0.4495212456583977"
"26500","0.44180005878210066","0.44180005878210066","0.44180005878210066"
"26600","0.44875899225473403","0.44875899225473403","0.44875899225473403"
"26700","0.4399606651067734","0.4399606651067734","0.4399606651067734"
"26800","0.45450339078903196","0.45450339078903196","0.45450339078903196"
"26900","0.43193295240402224","0.43193295240402224","0.43193295240402224"
"27000","0.44490527898073196","0.44490527898073196","0.44490527898073196"
"27100","0.4510158187150955","0.4510158187150955","0.4510158187150955"
"27200","0.4364358919858933","0.4364358919858933","0.4364358919858933"
"27300","0.4359330087900162","0.4359330087900162","0.4359330087900162"
"27400","0.4379943883419037","0.4379943883419037","0.4379943883419037"
"27500","0.4384091544151306","0.4384091544151306","0.4384091544151306"
"27600","0.44456728965044023","0.44456728965044023","0.44456728965044023"
"27700","0.4361353415250778","0.4361353415250778","0.4361353415250778"
"27800","0.43681228429079055","0.43681228429079055","0.43681228429079055"
"27900","0.43546306192874906","0.43546306192874906","0.43546306192874906"
"28000","0.4329691028594971","0.4329691028594971","0.4329691028594971"
"28100","0.4291844663023949","0.4291844663023949","0.4291844663023949"
"28200","0.43377633273601535","0.43377633273601535","0.43377633273601535"
"28300","0.41715066105127335","0.41715066105127335","0.41715066105127335"
"28400","0.4331367990374565","0.4331367990374565","0.4331367990374565"
"28500","0.44358752757310865","0.44358752757310865","0.44358752757310865"
"28600","0.43097184181213377","0.43097184181213377","0.43097184181213377"
"28700","0.4248651605844498","0.4248651605844498","0.4248651605844498"
"28800","0.4327849632501602","0.4327849632501602","0.4327849632501602"
"28900","0.4326970461010933","0.4326970461010933","0.4326970461010933"
"29000","0.4130019477009773","0.4130019477009773","0.4130019477009773"
"29100","0.4350790464878082","0.4350790464878082","0.4350790464878082"
"29200","0.4113116744160652","0.4113116744160652","0.4113116744160652"
"29300","0.4387297174334526","0.4387297174334526","0.4387297174334526"
"29400","0.4147848272323608","0.4147848272323608","0.4147848272323608"
"29500","0.4350821480154991","0.4350821480154991","0.4350821480154991"
"29600","0.44023521184921266","0.44023521184921266","0.44023521184921266"
"29700","0.43294753313064577","0.43294753313064577","0.43294753313064577"
"29800","0.4133321836590767","0.4133321836590767","0.4133321836590767"
"29900","0.411463742852211","0.411463742852211","0.411463742852211"
"30000","0.42648098737001416","0.42648098737001416","0.42648098737001416"
"30100","0.405416271686554","0.405416271686554","0.405416271686554"
"30200","0.41941317558288577","0.41941317558288577","0.41941317558288577"
"30300","0.4104588931798935","0.4104588931798935","0.4104588931798935"
"30400","0.4180348086357117","0.4180348086357117","0.4180348086357117"
"30500","0.42070038318634034","0.42070038318634034","0.42070038318634034"
"30600","0.41134487062692643","0.41134487062692643","0.41134487062692643"
"30700","0.4130215299129486","0.4130215299129486","0.4130215299129486"
"30800","0.41646950304508207","0.41646950304508207","0.41646950304508207"
"30900","0.42611363261938096","0.42611363261938096","0.42611363261938096"
"31000","0.4127610263228416","0.4127610263228416","0.4127610263228416"
"31100","0.4071672582626343","0.4071672582626343","0.4071672582626343"
"31200","0.4036293429136276","0.4036293429136276","0.4036293429136276"
"31300","0.4081367751955986","0.4081367751955986","0.4081367751955986"
"31400","0.40458890199661257","0.40458890199661257","0.40458890199661257"
"31500","0.40566758304834366","0.40566758304834366","0.40566758304834366"
"31600","0.40677844285964965","0.40677844285964965","0.40677844285964965"
"31700","0.4071913343667984","0.4071913343667984","0.4071913343667984"
"31800","0.414106727540493","0.414106727540493","0.414106727540493"
"31900","0.4032794767618179","0.4032794767618179","0.4032794767618179"
"32000","0.4194511753320694","0.4194511753320694","0.4194511753320694"
"32100","0.4101866337656975","0.4101866337656975","0.4101866337656975"
"32200","0.4060949856042862","0.4060949856042862","0.4060949856042862"
"32300","0.41580489426851275","0.41580489426851275","0.41580489426851275"
"32400","0.40068247467279433","0.40068247467279433","0.40068247467279433"
"32500","0.4114890655875206","0.4114890655875206","0.4114890655875206"
"32600","0.3936031650006771","0.3936031650006771","0.3936031650006771"
"32700","0.40592275708913805","0.40592275708913805","0.40592275708913805"
"32800","0.4127929770946503","0.4127929770946503","0.4127929770946503"
"32900","0.4103666892647743","0.4103666892647743","0.4103666892647743"
"33000","0.3895600840449333","0.3895600840449333","0.3895600840449333"
"33100","0.41340356081724167","0.41340356081724167","0.41340356081724167"
"33200","0.39275916665792465","0.39275916665792465","0.39275916665792465"
"33300","0.406013001203537","0.406013001203537","0.406013001203537"
"33400","0.3970149323344231","0.3970149323344231","0.3970149323344231"
"33500","0.3888140439987183","0.3888140439987183","0.3888140439987183"
"33600","0.4012437444925308","0.4012437444925308","0.4012437444925308"
"33700","0.39756173551082613","0.39756173551082613","0.39756173551082613"
"33800","0.4006136181950569","0.4006136181950569","0.4006136181950569"
"33900","0.36858672529459","0.36858672529459","0.36858672529459"
"34000","0.39873082637786866","0.39873082637786866","0.39873082637786866"
"34100","0.4088905879855156","0.4088905879855156","0.4088905879855156"
"34200","0.3988213083148003","0.3988213083148003","0.3988213083148003"
"34300","0.3895900000631809","0.3895900000631809","0.3895900000631809"
"34400","0.3920722669363022","0.3920722669363022","0.3920722669363022"
"34500","0.38758783012628556","0.38758783012628556","0.38758783012628556"
"34600","0.40131705820560454","0.40131705820560454","0.40131705820560454"
"34700","0.3923245021700859","0.3923245021700859","0.3923245021700859"
"34800","0.3812579169869423","0.3812579169869423","0.3812579169869423"
"34900","0.3819276440143585","0.3819276440143585","0.3819276440143585"
"35000","0.39227460354566573","0.39227460354566573","0.39227460354566573"
"35100","0.39414274513721465","0.39414274513721465","0.39414274513721465"
"35200","0.39140918999910357","0.39140918999910357","0.39140918999910357"
"35300","0.4024557504057884","0.4024557504057884","0.4024557504057884"
"35400","0.38031535238027575","0.38031535238027575","0.38031535238027575"
"35500","0.38653557628393176","0.38653557628393176","0.38653557628393176"
"35600","0.3881972739100456","0.3881972739100456","0.3881972739100456"
"35700","0.382283142209053","0.382283142209053","0.382283142209053"
"35800","0.383924817442894","0.383924817442894","0.383924817442894"
"35900","0.3778614303469658","0.3778614303469658","0.3778614303469658"
"36000","0.3949864536523819","0.3949864536523819","0.3949864536523819"
"36100","0.3845515125989914","0.3845515125989914","0.3845515125989914"
"36200","0.38262943267822264","0.38262943267822264","0.38262943267822264"
"36300","0.3880418199300766","0.3880418199300766","0.3880418199300766"
"36400","0.4004195812344551","0.4004195812344551","0.4004195812344551"
"36500","0.3803021889925003","0.3803021889925003","0.3803021889925003"
"36600","0.3767298060655594","0.3767298060655594","0.3767298060655594"
"36700","0.3931678277254105","0.3931678277254105","0.3931678277254105"
"36800","0.37465993911027906","0.37465993911027906","0.37465993911027906"
"36900","0.37394359648227693","0.37394359648227693","0.37394359648227693"
"37000","0.37303003937005996","0.37303003937005996","0.37303003937005996"
"37100","0.36498226344585416","0.36498226344585416","0.36498226344585416"
"37200","0.39181176424026487","0.39181176424026487","0.39181176424026487"
"37300","0.38022062331438067","0.38022062331438067","0.38022062331438067"
"37400","0.3719469323754311","0.3719469323754311","0.3719469323754311"
"37500","0.3822727471590042","0.3822727471590042","0.3822727471590042"
"37600","0.37166449055075645","0.37166449055075645","0.37166449055075645"
"37700","0.3636020977795124","0.3636020977795124","0.3636020977795124"
"37800","0.37693568378686904","0.37693568378686904","0.37693568378686904"
"37900","0.36528549388051035","0.36528549388051035","0.36528549388051035"
"38000","0.379782228320837","0.379782228320837","0.379782228320837"
"38100","0.3668044486641884","0.3668044486641884","0.3668044486641884"
"38200","0.36973424434661867","0.36973424434661867","0.36973424434661867"
"38300","0.3801902660727501","0.3801902660727501","0.3801902660727501"
"38400","0.3633941611647606","0.3633941611647606","0.3633941611647606"
"38500","0.39226455241441727","0.39226455241441727","0.39226455241441727"
"38600","0.3682309608161449","0.3682309608161449","0.3682309608161449"
"38700","0.3666893520951271","0.3666893520951271","0.3666893520951271"
"38800","0.382108563631773","0.382108563631773","0.382108563631773"
"38900","0.36678394943475723","0.36678394943475723","0.36678394943475723"
"39000","0.36227209120988846","0.36227209120988846","0.36227209120988846"
"39100","0.36082086160779","0.36082086160779","0.36082086160779"
"39200","0.3688733075559139","0.3688733075559139","0.3688733075559139"
"39300","0.38733829170465467","0.38733829170465467","0.38733829170465467"
"39400","0.3671488273143768","0.3671488273143768","0.3671488273143768"
"39500","0.36579487890005113","0.36579487890005113","0.36579487890005113"
"39600","0.3525290535390377","0.3525290535390377","0.3525290535390377"
"39700","0.37613808453083036","0.37613808453083036","0.37613808453083036"
"39800","0.35813711673021315","0.35813711673021315","0.35813711673021315"
"39900","0.3644789183139801","0.3644789183139801","0.3644789183139801"
"40000","0.3634414529800415","0.3634414529800415","0.3634414529800415"
"40100","0.36437676548957826","0.36437676548957826","0.36437676548957826"
"40200","0.360072251111269","0.360072251111269","0.360072251111269"
"40300","0.35870174676179883","0.35870174676179883","0.35870174676179883"
"40400","0.3726596993207931","0.3726596993207931","0.3726596993207931"
"40500","0.35039752811193464","0.35039752811193464","0.35039752811193464"
"40600","0.3713527685403824","0.3713527685403824","0.3713527685403824"
"40700","0.35497289687395095","0.35497289687395095","0.35497289687395095"
"40800","0.3684655186533928","0.3684655186533928","0.3684655186533928"
"40900","0.35287013456225397","0.35287013456225397","0.35287013456225397"
"41000","0.3636850216984749","0.3636850216984749","0.3636850216984749"
"41100","0.34984872564673425","0.34984872564673425","0.34984872564673425"
"41200","0.3723534265160561","0.3723534265160561","0.3723534265160561"
"41300","0.3552894240617752","0.3552894240617752","0.3552894240617752"
"41400","0.35964256286621094","0.35964256286621094","0.35964256286621094"
"41500","0.36332523703575137","0.36332523703575137","0.36332523703575137"
"41600","0.3616738912463188","0.3616738912463188","0.3616738912463188"
"41700","0.36072572335600855","0.36072572335600855","0.36072572335600855"
"41800","0.3520351941883564","0.3520351941883564","0.3520351941883564"
"41900","0.3551082906126976","0.3551082906126976","0.3551082906126976"
"42000","0.36060005515813826","0.36060005515813826","0.36060005515813826"
"42100","0.3540166349709034","0.3540166349709034","0.3540166349709034"
"42200","0.35090755343437197","0.35090755343437197","0.35090755343437197"
"42300","0.3614648361504078","0.3614648361504078","0.3614648361504078"
"42400","0.3515325972437859","0.3515325972437859","0.3515325972437859"
"42500","0.358021429926157","0.358021429926157","0.358021429926157"
"42600","0.3564434076845646","0.3564434076845646","0.3564434076845646"
"42700","0.3507236105203628","0.3507236105203628","0.3507236105203628"
"42800","0.35383578777313235","0.35383578777313235","0.35383578777313235"
"42900","0.34220029339194297","0.34220029339194297","0.34220029339194297"
"43000","0.3537661239504814","0.3537661239504814","0.3537661239504814"
"43100","0.35684521302580835","0.35684521302580835","0.35684521302580835"
"43200","0.3320838689804077","0.3320838689804077","0.3320838689804077"
"43300","0.3499479730427265","0.3499479730427265","0.3499479730427265"
"43400","0.34581767782568934","0.34581767782568934","0.34581767782568934"
"43500","0.3492080768942833","0.3492080768942833","0.3492080768942833"
"43600","0.35461922526359557","0.35461922526359557","0.35461922526359557"
"43700","0.34102749317884445","0.34102749317884445","0.34102749317884445"
"43800","0.35801022842526437","0.35801022842526437","0.35801022842526437"
"43900","0.34451415479183195","0.34451415479183195","0.34451415479183195"
"44000","0.35860375568270686","0.35860375568270686","0.35860375568270686"
"44100","0.33696634873747827","0.33696634873747827","0.33696634873747827"
"44200","0.367464659512043","0.367464659512043","0.367464659512043"
"44300","0.3447241061925888","0.3447241061925888","0.3447241061925888"
"44400","0.3482387775182724","0.3482387775182724","0.3482387775182724"
"44500","0.3487350898981094","0.3487350898981094","0.3487350898981094"
"44600","0.3422916674613953","0.3422916674613953","0.3422916674613953"
"44700","0.3383447813987732","0.3383447813987732","0.3383447813987732"
"44800","0.3464758560061455","0.3464758560061455","0.3464758560061455"
"44900","0.33874173372983934","0.33874173372983934","0.33874173372983934"
"45000","0.34208290070295333","0.34208290070295333","0.34208290070295333"
"45100","0.3474144712090492","0.3474144712090492","0.3474144712090492"
"45200","0.33958294421434404","0.33958294421434404","0.33958294421434404"
"45300","0.34022270783782005","0.34022270783782005","0.34022270783782005"
"45400","0.3448170930147171","0.3448170930147171","0.3448170930147171"
"45500","0.35192800432443616","0.35192800432443616","0.35192800432443616"
"45600","0.32937211185693743","0.32937211185693743","0.32937211185693743"
"45700","0.34369460105895994","0.34369460105895994","0.34369460105895994"
"45800","0.3354989932477474","0.3354989932477474","0.3354989932477474"
"45900","0.3458652576804161","0.3458652576804161","0.3458652576804161"
"46000","0.3311967468261719","0.3311967468261719","0.3311967468261719"
"46100","0.3449015429615974","0.3449015429615974","0.3449015429615974"
"46200","0.33715843200683593","0.33715843200683593","0.33715843200683593"
"46300","0.3500280496478081","0.3500280496478081","0.3500280496478081"
"46400","0.3261327295005321","0.3261327295005321","0.3261327295005321"
"46500","0.3418188048899174","0.3418188048899174","0.3418188048899174"
"46600","0.336942832916975","0.336942832916975","0.336942832916975"
"46700","0.32928677812218665","0.32928677812218665","0.32928677812218665"
"46800","0.34816865354776383","0.34816865354776383","0.34816865354776383"
"46900","0.3390889368951321","0.3390889368951321","0.3390889368951321"
"47000","0.3331293231248856","0.3331293231248856","0.3331293231248856"
"47100","0.3338289807736874","0.3338289807736874","0.3338289807736874"
"47200","0.3375567582249641","0.3375567582249641","0.3375567582249641"
"47300","0.32689826905727387","0.32689826905727387","0.32689826905727387"
"47400","0.32925707116723063","0.32925707116723063","0.32925707116723063"
"47500","0.3404354776442051","0.3404354776442051","0.3404354776442051"
"47600","0.3418609169125557","0.3418609169125557","0.3418609169125557"
"47700","0.33673818796873095","0.33673818796873095","0.33673818796873095"
"47800","0.3354950198531151","0.3354950198531151","0.3354950198531151"
"47900","0.3465025149285793","0.3465025149285793","0.3465025149285793"
"48000","0.3333969023823738","0.3333969023823738","0.3333969023823738"
"48100","0.31598872974514963","0.31598872974514963","0.31598872974514963"
"48200","0.3385570740699768","0.3385570740699768","0.3385570740699768"
"48300","0.32319128304719924","0.32319128304719924","0.32319128304719924"
"48400","0.32551750406622887","0.32551750406622887","0.32551750406622887"
"48500","0.3333595232665539","0.3333595232665539","0.3333595232665539"
"48600","0.3229940974712372","0.3229940974712372","0.3229940974712372"
"48700","0.32475946336984635","0.32475946336984635","0.32475946336984635"
"48800","0.32690641924738884","0.32690641924738884","0.32690641924738884"
"48900","0.32908849641680715","0.32908849641680715","0.32908849641680715"
"49000","0.33160498350858686","0.33160498350858686","0.33160498350858686"
"49100","0.3302305383980274","0.3302305383980274","0.3302305383980274"
"49200","0.3160909777879715","0.3160909777879715","0.3160909777879715"
"49300","0.3395028725266457","0.3395028725266457","0.3395028725266457"
"49400","0.3201364387571812","0.3201364387571812","0.3201364387571812"
"49500","0.3363106116652489","0.3363106116652489","0.3363106116652489"
"49600","0.32407588556408884","0.32407588556408884","0.32407588556408884"
"49700","0.32190833896398546","0.32190833896398546","0.32190833896398546"
"49800","0.3253024123609066","0.3253024123609066","0.3253024123609066"
"49900","0.3303080777823925","0.3303080777823925","0.3303080777823925"
"50000","0.33059984356164934","0.33059984356164934","0.33059984356164934"
"50100","0.3284816938638687","0.3284816938638687","0.3284816938638687"
"50200","0.3271450887620449","0.3271450887620449","0.3271450887620449"
"50300","0.3377545830607414","0.3377545830607414","0.3377545830607414"
"50400","0.3166383063793182","0.3166383063793182","0.3166383063793182"
"50500","0.30968717381358146","0.30968717381358146","0.30968717381358146"
"50600","0.3182170866429806","0.3182170866429806","0.3182170866429806"
"50700","0.32661579206585883","0.32661579206585883","0.32661579206585883"
"50800","0.32818533092737195","0.32818533092737195","0.32818533092737195"
"50900","0.31622334465384483","0.31622334465384483","0.31622334465384483"
"51000","0.32403532817959785","0.32403532817959785","0.32403532817959785"
"51100","0.32410601556301116","0.32410601556301116","0.32410601556301116"
"51200","0.33290554136037825","0.33290554136037825","0.33290554136037825"
"51300","0.31332646176218987","0.31332646176218987","0.31332646176218987"
"51400","0.32533960312604904","0.32533960312604904","0.32533960312604904"
"51500","0.30782364174723625","0.30782364174723625","0.30782364174723625"
"51600","0.3166578249633312","0.3166578249633312","0.3166578249633312"
"51700","0.32794159919023513","0.32794159919023513","0.32794159919023513"
"51800","0.31660849958658216","0.31660849958658216","0.31660849958658216"
"51900","0.3200081641972065","0.3200081641972065","0.3200081641972065"
"52000","0.3192274262011051","0.3192274262011051","0.3192274262011051"
"52100","0.3140812595188618","0.3140812595188618","0.3140812595188618"
"52200","0.3256023697555065","0.3256023697555065","0.3256023697555065"
"52300","0.31987077221274374","0.31987077221274374","0.31987077221274374"
"52400","0.31702466621994974","0.31702466621994974","0.31702466621994974"
"52500","0.31854154661297795","0.31854154661297795","0.31854154661297795"
"52600","0.3167636488378048","0.3167636488378048","0.3167636488378048"
"52700","0.30943382799625396","0.30943382799625396","0.30943382799625396"
"52800","0.3060461342334747","0.3060461342334747","0.3060461342334747"
"52900","0.3184098871052265","0.3184098871052265","0.3184098871052265"
"53000","0.3079469496011734","0.3079469496011734","0.3079469496011734"
"53100","0.3135238228738308","0.3135238228738308","0.3135238228738308"
"53200","0.30500845521688463","0.30500845521688463","0.30500845521688463"
"53300","0.3248242190480232","0.3248242190480232","0.3248242190480232"
"53400","0.3131586802005768","0.3131586802005768","0.3131586802005768"
"53500","0.3170935827493668","0.3170935827493668","0.3170935827493668"
"53600","0.32100342512130736","0.32100342512130736","0.32100342512130736"
"53700","0.31256915256381035","0.31256915256381035","0.31256915256381035"
"53800","0.3051733709871769","0.3051733709871769","0.3051733709871769"
"53900","0.3228256396949291","0.3228256396949291","0.3228256396949291"
"54000","0.30817976474761966","0.30817976474761966","0.30817976474761966"
"54100","0.31797768399119375","0.31797768399119375","0.31797768399119375"
"54200","0.31335617542266847","0.31335617542266847","0.31335617542266847"
"54300","0.3149574798345566","0.3149574798345566","0.3149574798345566"
"54400","0.3087449969351292","0.3087449969351292","0.3087449969351292"
"54500","0.31561111778020856","0.31561111778020856","0.31561111778020856"
"54600","0.3125527396798134","0.3125527396798134","0.3125527396798134"
"54700","0.2990884046256542","0.2990884046256542","0.2990884046256542"
"54800","0.3143517634272575","0.3143517634272575","0.3143517634272575"
"54900","0.31173448771238327","0.31173448771238327","0.31173448771238327"
"55000","0.3115873958170414","0.3115873958170414","0.3115873958170414"
"55100","0.3045195397734642","0.3045195397734642","0.3045195397734642"
"55200","0.3106618666648865","0.3106618666648865","0.3106618666648865"
"55300","0.31652664586901663","0.31652664586901663","0.31652664586901663"
"55400","0.2987263633310795","0.2987263633310795","0.2987263633310795"
"55500","0.3109495185315609","0.3109495185315609","0.3109495185315609"
"55600","0.3009240022301674","0.3009240022301674","0.3009240022301674"
"55700","0.3136719414591789","0.3136719414591789","0.3136719414591789"
"55800","0.30523589745163915","0.30523589745163915","0.30523589745163915"
"55900","0.306010760217905","0.306010760217905","0.306010760217905"
"56000","0.29570716559886934","0.29570716559886934","0.29570716559886934"
"56100","0.3117190083861351","0.3117190083861351","0.3117190083861351"
"56200","0.30479072764515874","0.30479072764515874","0.30479072764515874"
"56300","0.3048942124843597","0.3048942124843597","0.3048942124843597"
"56400","0.3095517702400684","0.3095517702400684","0.3095517702400684"
"56500","0.3001916253566742","0.3001916253566742","0.3001916253566742"
"56600","0.3069245633482933","0.3069245633482933","0.3069245633482933"
"56700","0.31588179677724837","0.31588179677724837","0.31588179677724837"
"56800","0.2950285336375236","0.2950285336375236","0.2950285336375236"
"56900","0.3034371717274189","0.3034371717274189","0.3034371717274189"
"57000","0.30310146018862727","0.30310146018862727","0.30310146018862727"
"57100","0.31029625460505483","0.31029625460505483","0.31029625460505483"
"57200","0.3014348089694977","0.3014348089694977","0.3014348089694977"
"57300","0.30118346378207206","0.30118346378207206","0.30118346378207206"
"57400","0.30148655623197557","0.30148655623197557","0.30148655623197557"
"57500","0.30256261631846426","0.30256261631846426","0.30256261631846426"
"57600","0.3004996107518673","0.3004996107518673","0.3004996107518673"
"57700","0.301368271112442","0.301368271112442","0.301368271112442"
"57800","0.29394607201218603","0.29394607201218603","0.29394607201218603"
"57900","0.2964150905609131","0.2964150905609131","0.2964150905609131"
"58000","0.315466840416193","0.315466840416193","0.315466840416193"
"58100","0.29735124975442884","0.29735124975442884","0.29735124975442884"
"58200","0.3084793157875538","0.3084793157875538","0.3084793157875538"
"58300","0.29796202227473256","0.29796202227473256","0.29796202227473256"
"58400","0.3034677174687386","0.3034677174687386","0.3034677174687386"
"58500","0.2948404936492443","0.2948404936492443","0.2948404936492443"
"58600","0.30334862604737284","0.30334862604737284","0.30334862604737284"
"58700","0.2948574876785278","0.2948574876785278","0.2948574876785278"
"58800","0.29588753268122675","0.29588753268122675","0.29588753268122675"
"58900","0.29731008887290955","0.29731008887290955","0.29731008887290955"
"59000","0.2865973176062107","0.2865973176062107","0.2865973176062107"
"59100","0.3048104509711266","0.3048104509711266","0.3048104509711266"
"59200","0.3017200092971325","0.3017200092971325","0.3017200092971325"
"59300","0.30066002264618874","0.30066002264618874","0.30066002264618874"
"59400","0.29358507588505744","0.29358507588505744","0.29358507588505744"
"59500","0.3054843682050705","0.3054843682050705","0.3054843682050705"
"59600","0.2993836431205273","0.2993836431205273","0.2993836431205273"
"59700","0.2986340457201004","0.2986340457201004","0.2986340457201004"
"59800","0.299165006428957","0.299165006428957","0.299165006428957"
"59900","0.29683171048760415","0.29683171048760415","0.29683171048760415"
"60000","0.29235474437475206","0.29235474437475206","0.29235474437475206"
"60100","0.2880822701752186","0.2880822701752186","0.2880822701752186"
"60200","0.2907241240143776","0.2907241240143776","0.2907241240143776"
"60300","0.2883173310756683","0.2883173310756683","0.2883173310756683"
"60400","0.29257619470357893","0.29257619470357893","0.29257619470357893"
"60500","0.30632584005594254","0.30632584005594254","0.30632584005594254"
"60600","0.2843261481821537","0.2843261481821537","0.2843261481821537"
"60700","0.29562713727355006","0.29562713727355006","0.29562713727355006"
"60800","0.3058216062188148","0.3058216062188148","0.3058216062188148"
"60900","0.27537777557969095","0.27537777557969095","0.27537777557969095"
"61000","0.28985532820224763","0.28985532820224763","0.28985532820224763"
"61100","0.2979832148551941","0.2979832148551941","0.2979832148551941"
"61200","0.2946676443517208","0.2946676443517208","0.2946676443517208"
"61300","0.27514026015996934","0.27514026015996934","0.27514026015996934"
"61400","0.29763334631919863","0.29763334631919863","0.29763334631919863"
"61500","0.2885210885107517","0.2885210885107517","0.2885210885107517"
"61600","0.2954409700632095","0.2954409700632095","0.2954409700632095"
"61700","0.28234404653310774","0.28234404653310774","0.28234404653310774"
"61800","0.29786088079214096","0.29786088079214096","0.29786088079214096"
"61900","0.29995969057083127","0.29995969057083127","0.29995969057083127"
"62000","0.2970130757987499","0.2970130757987499","0.2970130757987499"
"62100","0.278566242903471","0.278566242903471","0.278566242903471"
"62200","0.28910250186920167","0.28910250186920167","0.28910250186920167"
"62300","0.29747018083930016","0.29747018083930016","0.29747018083930016"
"62400","0.28944306924939156","0.28944306924939156","0.28944306924939156"
"62500","0.2848001293838024","0.2848001293838024","0.2848001293838024"
"62600","0.29515886440873146","0.29515886440873146","0.29515886440873146"
"62700","0.28921069860458376","0.28921069860458376","0.28921069860458376"
"62800","0.28852035030722617","0.28852035030722617","0.28852035030722617"
"62900","0.2866918900609016","0.2866918900609016","0.2866918900609016"
"63000","0.27749855563044545","0.27749855563044545","0.27749855563044545"
"63100","0.2940932250022888","0.2940932250022888","0.2940932250022888"
"63200","0.2820804570615292","0.2820804570615292","0.2820804570615292"
"63300","0.2885742947459221","0.2885742947459221","0.2885742947459221"
"63400","0.2831676681339741","0.2831676681339741","0.2831676681339741"
"63500","0.2975835807621479","0.2975835807621479","0.2975835807621479"
"63600","0.28548228695988653","0.28548228695988653","0.28548228695988653"
"63700","0.2889356260001659","0.2889356260001659","0.2889356260001659"
"63800","0.27852155610919","0.27852155610919","0.27852155610919"
"63900","0.2913771468400955","0.2913771468400955","0.2913771468400955"
"64000","0.29221834406256675","0.29221834406256675","0.29221834406256675"
"64100","0.2793545579910278","0.2793545579910278","0.2793545579910278"
"64200","0.2743641267716885","0.2743641267716885","0.2743641267716885"
"64300","0.2850919111073017","0.2850919111073017","0.2850919111073017"
"64400","0.29221035674214363","0.29221035674214363","0.29221035674214363"
"64500","0.27650019109249113","0.27650019109249113","0.27650019109249113"
"64600","0.2842861740291119","0.2842861740291119","0.2842861740291119"
"64700","0.2758842118084431","0.2758842118084431","0.2758842118084431"
"64800","0.2893560656905174","0.2893560656905174","0.2893560656905174"
"64900","0.2771002797782421","0.2771002797782421","0.2771002797782421"
"65000","0.29304361015558245","0.29304361015558245","0.29304361015558245"
"65100","0.2874670271575451","0.2874670271575451","0.2874670271575451"
"65200","0.28630465537309646","0.28630465537309646","0.28630465537309646"
"65300","0.2756968306005001","0.2756968306005001","0.2756968306005001"
"65400","0.2861506053805351","0.2861506053805351","0.2861506053805351"
"65500","0.2816164754331112","0.2816164754331112","0.2816164754331112"
"65600","0.2828160507977009","0.2828160507977009","0.2828160507977009"
"65700","0.27590488255023954","0.27590488255023954","0.27590488255023954"
"65800","0.2855806188285351","0.2855806188285351","0.2855806188285351"
"65900","0.28330795124173164","0.28330795124173164","0.28330795124173164"
"66000","0.2793288600444794","0.2793288600444794","0.2793288600444794"
"66100","0.2756296335160732","0.2756296335160732","0.2756296335160732"
"66200","0.2751412270963192","0.2751412270963192","0.2751412270963192"
"66300","0.28307091891765596","0.28307091891765596","0.28307091891765596"
"66400","0.27144567608833314","0.27144567608833314","0.27144567608833314"
"66500","0.2783529251813889","0.2783529251813889","0.2783529251813889"
"66600","0.28240525409579276","0.28240525409579276","0.28240525409579276"
"66700","0.2844889725744724","0.2844889725744724","0.2844889725744724"
"66800","0.27509198904037474","0.27509198904037474","0.27509198904037474"
"66900","0.2824631330370903","0.2824631330370903","0.2824631330370903"
"67000","0.2688379319012165","0.2688379319012165","0.2688379319012165"
"67100","0.2772142793238163","0.2772142793238163","0.2772142793238163"
"67200","0.2739892226457596","0.2739892226457596","0.2739892226457596"
"67300","0.273062232285738","0.273062232285738","0.273062232285738"
"67400","0.27117039024829864","0.27117039024829864","0.27117039024829864"
"67500","0.2753895275294781","0.2753895275294781","0.2753895275294781"
"67600","0.2758076061308384","0.2758076061308384","0.2758076061308384"
"67700","0.28132225140929223","0.28132225140929223","0.28132225140929223"
"67800","0.27703670352697374","0.27703670352697374","0.27703670352697374"
"67900","0.2708435568213463","0.2708435568213463","0.2708435568213463"
"68000","0.2818534116446972","0.2818534116446972","0.2818534116446972"
"68100","0.27542021036148073","0.27542021036148073","0.27542021036148073"
"68200","0.27277301385998726","0.27277301385998726","0.27277301385998726"
"68300","0.2737230496108532","0.2737230496108532","0.2737230496108532"
"68400","0.2720296977460384","0.2720296977460384","0.2720296977460384"
"68500","0.2758216039836407","0.2758216039836407","0.2758216039836407"
"68600","0.2829446566104889","0.2829446566104889","0.2829446566104889"
"68700","0.27345645979046823","0.27345645979046823","0.27345645979046823"
"68800","0.2727215066552162","0.2727215066552162","0.2727215066552162"
"68900","0.26279655754566195","0.26279655754566195","0.26279655754566195"
"69000","0.27650937497615813","0.27650937497615813","0.27650937497615813"
"69100","0.27167767494916917","0.27167767494916917","0.27167767494916917"
"69200","0.27258257538080216","0.27258257538080216","0.27258257538080216"
"69300","0.2689843726158142","0.2689843726158142","0.2689843726158142"
"69400","0.2757364298403263","0.2757364298403263","0.2757364298403263"
"69500","0.26711055263876915","0.26711055263876915","0.26711055263876915"
"69600","0.2681130886077881","0.2681130886077881","0.2681130886077881"
"69700","0.2758022865653038","0.2758022865653038","0.2758022865653038"
"69800","0.2677023722231388","0.2677023722231388","0.2677023722231388"
"69900","0.279770520478487","0.279770520478487","0.279770520478487"
"70000","0.267106229364872","0.267106229364872","0.267106229364872"
"70100","0.27124294549226763","0.27124294549226763","0.27124294549226763"
"70200","0.26792496427893636","0.26792496427893636","0.26792496427893636"
"70300","0.2824035656452179","0.2824035656452179","0.2824035656452179"
"70400","0.2721344381570816","0.2721344381570816","0.2721344381570816"
"70500","0.2671781948208809","0.2671781948208809","0.2671781948208809"
"70600","0.2674499300122261","0.2674499300122261","0.2674499300122261"
"70700","0.2651029083132744","0.2651029083132744","0.2651029083132744"
"70800","0.2649071863293648","0.2649071863293648","0.2649071863293648"
"70900","0.27141706287860873","0.27141706287860873","0.27141706287860873"
"71000","0.259634540528059","0.259634540528059","0.259634540528059"
"71100","0.27325634613633154","0.27325634613633154","0.27325634613633154"
"71200","0.27185831144452094","0.27185831144452094","0.27185831144452094"
"71300","0.2710269592702389","0.2710269592702389","0.2710269592702389"
"71400","0.2686222030222416","0.2686222030222416","0.2686222030222416"
"71500","0.25864786222577096","0.25864786222577096","0.25864786222577096"
"71600","0.28117565497756003","0.28117565497756003","0.28117565497756003"
"71700","0.2540342284739017","0.2540342284739017","0.2540342284739017"
"71800","0.27928695946931836","0.27928695946931836","0.27928695946931836"
"71900","0.270176589936018","0.270176589936018","0.270176589936018"
"72000","0.2702673475444317","0.2702673475444317","0.2702673475444317"
"72100","0.2616991028189659","0.2616991028189659","0.2616991028189659"
"72200","0.2767547857761383","0.2767547857761383","0.2767547857761383"
"72300","0.26216979816555974","0.26216979816555974","0.26216979816555974"
"72400","0.26494724318385127","0.26494724318385127","0.26494724318385127"
"72500","0.2738216687738895","0.2738216687738895","0.2738216687738895"
"72600","0.2581889973580837","0.2581889973580837","0.2581889973580837"
"72700","0.2707454773783684","0.2707454773783684","0.2707454773783684"
"72800","0.26197797402739526","0.26197797402739526","0.26197797402739526"
"72900","0.26710318207740785","0.26710318207740785","0.26710318207740785"
"73000","0.26316833168268206","0.26316833168268206","0.26316833168268206"
"73100","0.2644825157523155","0.2644825157523155","0.2644825157523155"
"73200","0.2639618928730488","0.2639618928730488","0.2639618928730488"
"73300","0.26989629030227663","0.26989629030227663","0.26989629030227663"
"73400","0.25993486016988754","0.25993486016988754","0.25993486016988754"
"73500","0.2685465081036091","0.2685465081036091","0.2685465081036091"
"73600","0.2698851327598095","0.2698851327598095","0.2698851327598095"
"73700","0.2638150815665722","0.2638150815665722","0.2638150815665722"
"73800","0.2692203265428543","0.2692203265428543","0.2692203265428543"
"73900","0.26320371925830843","0.26320371925830843","0.26320371925830843"
"74000","0.25396327003836633","0.25396327003836633","0.25396327003836633"
"74100","0.26989391207695007","0.26989391207695007","0.26989391207695007"
"74200","0.2571269814670086","0.2571269814670086","0.2571269814670086"
"74300","0.2664314706623554","0.2664314706623554","0.2664314706623554"
"74400","0.2590015986561775","0.2590015986561775","0.2590015986561775"
"74500","0.2607423369586468","0.2607423369586468","0.2607423369586468"
"74600","0.26148758858442306","0.26148758858442306","0.26148758858442306"
"74700","0.25814407467842104","0.25814407467842104","0.25814407467842104"
"74800","0.2597678506374359","0.2597678506374359","0.2597678506374359"
"74900","0.2676663701236248","0.2676663701236248","0.2676663701236248"
"75000","0.2553900083899498","0.2553900083899498","0.2553900083899498"
"75100","0.2630304688215256","0.2630304688215256","0.2630304688215256"
"75200","0.2564598882198334","0.2564598882198334","0.2564598882198334"
"75300","0.2641548581421375","0.2641548581421375","0.2641548581421375"
"75400","0.2598113787174225","0.2598113787174225","0.2598113787174225"
"75500","0.2555135813355446","0.2555135813355446","0.2555135813355446"
"75600","0.2652025578916073","0.2652025578916073","0.2652025578916073"
"75700","0.2528130184113979","0.2528130184113979","0.2528130184113979"
"75800","0.26502831250429154","0.26502831250429154","0.26502831250429154"
"75900","0.25101410210132596","0.25101410210132596","0.25101410210132596"
"76000","0.25620029658079146","0.25620029658079146","0.25620029658079146"
"76100","0.2558863182365894","0.2558863182365894","0.2558863182365894"
"76200","0.2607982777059078","0.2607982777059078","0.2607982777059078"
"76300","0.261345294713974","0.261345294713974","0.261345294713974"
"76400","0.2540577383339405","0.2540577383339405","0.2540577383339405"
"76500","0.2642462539672852","0.2642462539672852","0.2642462539672852"
"76600","0.25132618069648743","0.25132618069648743","0.25132618069648743"
"76700","0.26201446503400805","0.26201446503400805","0.26201446503400805"
"76800","0.2593280103802681","0.2593280103802681","0.2593280103802681"
"76900","0.26108635574579236","0.26108635574579236","0.26108635574579236"
"77000","0.25676160722970964","0.25676160722970964","0.25676160722970964"
"77100","0.2610906066000462","0.2610906066000462","0.2610906066000462"
"77200","0.2578925505280495","0.2578925505280495","0.2578925505280495"
"77300","0.26040482476353644","0.26040482476353644","0.26040482476353644"
"77400","0.25873680084943773","0.25873680084943773","0.25873680084943773"
"77500","0.2622248061001301","0.2622248061001301","0.2622248061001301"
"77600","0.2534040102362633","0.2534040102362633","0.2534040102362633"
"77700","0.2577324405312538","0.2577324405312538","0.2577324405312538"
"77800","0.25047954529523847","0.25047954529523847","0.25047954529523847"
"77900","0.262315611243248","0.262315611243248","0.262315611243248"
"78000","0.25286142095923425","0.25286142095923425","0.25286142095923425"
"78100","0.2614647413790226","0.2614647413790226","0.2614647413790226"
"78200","0.24908364862203597","0.24908364862203597","0.24908364862203597"
"78300","0.25378939852118493","0.25378939852118493","0.25378939852118493"
"78400","0.2583215901255608","0.2583215901255608","0.2583215901255608"
"78500","0.2489008842408657","0.2489008842408657","0.2489008842408657"
"78600","0.2604730468988419","0.2604730468988419","0.2604730468988419"
"78700","0.2522647112607956","0.2522647112607956","0.2522647112607956"
"78800","0.25497106298804284","0.25497106298804284","0.25497106298804284"
"78900","0.24767303794622422","0.24767303794622422","0.24767303794622422"
"79000","0.2550438940525055","0.2550438940525055","0.2550438940525055"
"79100","0.2578705523908138","0.2578705523908138","0.2578705523908138"
"79200","0.2577700625360012","0.2577700625360012","0.2577700625360012"
"79300","0.24403192311525346","0.24403192311525346","0.24403192311525346"
"79400","0.24553563877940177","0.24553563877940177","0.24553563877940177"
"79500","0.25856497153639796","0.25856497153639796","0.25856497153639796"
"79600","0.2620240272581577","0.2620240272581577","0.2620240272581577"
"79700","0.25294873014092445","0.25294873014092445","0.25294873014092445"
"79800","0.24565297439694406","0.24565297439694406","0.24565297439694406"
"79900","0.2518944185972214","0.2518944185972214","0.2518944185972214"
"80000","0.2557900105416775","0.2557900105416775","0.2557900105416775"
"80100","0.2516307508945465","0.2516307508945465","0.2516307508945465"
"80200","0.24874219700694084","0.24874219700694084","0.24874219700694084"
"80300","0.25850489422678946","0.25850489422678946","0.25850489422678946"
"80400","0.24258438006043434","0.24258438006043434","0.24258438006043434"
"80500","0.251064685434103","0.251064685434103","0.251064685434103"
"80600","0.24634760215878487","0.24634760215878487","0.24634760215878487"
"80700","0.26113168969750405","0.26113168969750405","0.26113168969750405"
"80800","0.24910938188433648","0.24910938188433648","0.24910938188433648"
"80900","0.2517599156498909","0.2517599156498909","0.2517599156498909"
"81000","0.24987359136343001","0.24987359136343001","0.24987359136343001"
"81100","0.24636512085795403","0.24636512085795403","0.24636512085795403"
"81200","0.25919570043683055","0.25919570043683055","0.25919570043683055"
"81300","0.24149009346961975","0.24149009346961975","0.24149009346961975"
"81400","0.25123043105006215","0.25123043105006215","0.25123043105006215"
"81500","0.24330452039837838","0.24330452039837838","0.24330452039837838"
"81600","0.2512538538873196","0.2512538538873196","0.2512538538873196"
"81700","0.2458902330696583","0.2458902330696583","0.2458902330696583"
"81800","0.244506576359272","0.244506576359272","0.244506576359272"
"81900","0.2447853569686413","0.2447853569686413","0.2447853569686413"
"82000","0.2504034274816513","0.2504034274816513","0.2504034274816513"
"82100","0.24724709406495093","0.24724709406495093","0.24724709406495093"
"82200","0.24801525130867957","0.24801525130867957","0.24801525130867957"
"82300","0.2398480060696602","0.2398480060696602","0.2398480060696602"
"82400","0.2566549438238144","0.2566549438238144","0.2566549438238144"
"82500","0.24657458648085595","0.24657458648085595","0.24657458648085595"
"82600","0.24809376582503317","0.24809376582503317","0.24809376582503317"
"82700","0.25753573939204216","0.25753573939204216","0.25753573939204216"
"82800","0.2463095924258232","0.2463095924258232","0.2463095924258232"
"82900","0.25503468692302705","0.25503468692302705","0.25503468692302705"
"83000","0.2464217808842659","0.2464217808842659","0.2464217808842659"
"83100","0.23796650767326355","0.23796650767326355","0.23796650767326355"
"83200","0.25211988419294357","0.25211988419294357","0.25211988419294357"
"83300","0.24717230424284936","0.24717230424284936","0.24717230424284936"
"83400","0.2399056449532509","0.2399056449532509","0.2399056449532509"
"83500","0.24923282325267793","0.24923282325267793","0.24923282325267793"
"83600","0.2413443124294281","0.2413443124294281","0.2413443124294281"
"83700","0.23999992981553078","0.23999992981553078","0.23999992981553078"
"83800","0.23861936211586","0.23861936211586","0.23861936211586"
"83900","0.24550837859511376","0.24550837859511376","0.24550837859511376"
"84000","0.23910835295915603","0.23910835295915603","0.23910835295915603"
"84100","0.25595976382493973","0.25595976382493973","0.25595976382493973"
"84200","0.24513701915740968","0.24513701915740968","0.24513701915740968"
"84300","0.247925818413496","0.247925818413496","0.247925818413496"
"84400","0.23443590685725213","0.23443590685725213","0.23443590685725213"
"84500","0.2459014607965946","0.2459014607965946","0.2459014607965946"
"84600","0.24276480719447135","0.24276480719447135","0.24276480719447135"
"84700","0.2371968784928322","0.2371968784928322","0.2371968784928322"
"84800","0.24131929144263267","0.24131929144263267","0.24131929144263267"
"84900","0.24160341545939445","0.24160341545939445","0.24160341545939445"
"85000","0.24271028041839598","0.24271028041839598","0.24271028041839598"
"85100","0.2463194377720356","0.2463194377720356","0.2463194377720356"
"85200","0.2380323614180088","0.2380323614180088","0.2380323614180088"
"85300","0.24966182932257652","0.24966182932257652","0.24966182932257652"
"85400","0.24558279037475586","0.24558279037475586","0.24558279037475586"
"85500","0.2377277284860611","0.2377277284860611","0.2377277284860611"
"85600","0.24388831377029419","0.24388831377029419","0.24388831377029419"
"85700","0.24352344244718552","0.24352344244718552","0.24352344244718552"
"85800","0.24140255242586137","0.24140255242586137","0.24140255242586137"
"85900","0.2363329492509365","0.2363329492509365","0.2363329492509365"
"86000","0.24286568000912667","0.24286568000912667","0.24286568000912667"
"86100","0.24444885835051536","0.24444885835051536","0.24444885835051536"
"86200","0.23692575335502625","0.23692575335502625","0.23692575335502625"
"86300","0.24047655031085013","0.24047655031085013","0.24047655031085013"
"86400","0.25187298774719236","0.25187298774719236","0.25187298774719236"
"86500","0.24792948961257935","0.24792948961257935","0.24792948961257935"
"86600","0.23602956250309945","0.23602956250309945","0.23602956250309945"
"86700","0.23824440002441405","0.23824440002441405","0.23824440002441405"
"86800","0.23991660937666892","0.23991660937666892","0.23991660937666892"
"86900","0.24868120685219763","0.24868120685219763","0.24868120685219763"
"87000","0.23883019998669625","0.23883019998669625","0.23883019998669625"
"87100","0.24615782022476196","0.24615782022476196","0.24615782022476196"
"87200","0.24152304291725157","0.24152304291725157","0.24152304291725157"
"87300","0.2382687060534954","0.2382687060534954","0.2382687060534954"
"87400","0.2343360461294651","0.2343360461294651","0.2343360461294651"
"87500","0.2422660382091999","0.2422660382091999","0.2422660382091999"
"87600","0.2374962078034878","0.2374962078034878","0.2374962078034878"
"87700","0.24585409104824066","0.24585409104824066","0.24585409104824066"
"87800","0.238529698997736","0.238529698997736","0.238529698997736"
"87900","0.24019358307123184","0.24019358307123184","0.24019358307123184"
"88000","0.23886911809444428","0.23886911809444428","0.23886911809444428"
"88100","0.2409792922437191","0.2409792922437191","0.2409792922437191"
"88200","0.23630594879388808","0.23630594879388808","0.23630594879388808"
"88300","0.22894131451845168","0.22894131451845168","0.22894131451845168"
"88400","0.24225739136338234","0.24225739136338234","0.24225739136338234"
"88500","0.23577934354543686","0.23577934354543686","0.23577934354543686"
"88600","0.2397218480706215","0.2397218480706215","0.2397218480706215"
"88700","0.22758987322449684","0.22758987322449684","0.22758987322449684"
"88800","0.24235493540763856","0.24235493540763856","0.24235493540763856"
"88900","0.24204285755753518","0.24204285755753518","0.24204285755753518"
"89000","0.23960821464657783","0.23960821464657783","0.23960821464657783"
"89100","0.24024223208427428","0.24024223208427428","0.24024223208427428"
"89200","0.23856284379959106","0.23856284379959106","0.23856284379959106"
"89300","0.22585708975791932","0.22585708975791932","0.22585708975791932"
"89400","0.24053877979516983","0.24053877979516983","0.24053877979516983"
"89500","0.23699698120355606","0.23699698120355606","0.23699698120355606"
"89600","0.23396964088082314","0.23396964088082314","0.23396964088082314"
"89700","0.2335878701508045","0.2335878701508045","0.2335878701508045"
"89800","0.23871661469340325","0.23871661469340325","0.23871661469340325"
"89900","0.2405982118844986","0.2405982118844986","0.2405982118844986"
"90000","0.23926717802882194","0.23926717802882194","0.23926717802882194"
"90100","0.2354844355583191","0.2354844355583191","0.2354844355583191"
"90200","0.2273131251335144","0.2273131251335144","0.2273131251335144"
"90300","0.23317336678504944","0.23317336678504944","0.23317336678504944"
"90400","0.23386677041649817","0.23386677041649817","0.23386677041649817"
"90500","0.24350982904434204","0.24350982904434204","0.24350982904434204"
"90600","0.22912493228912353","0.22912493228912353","0.22912493228912353"
"90700","0.23409735202789306","0.23409735202789306","0.23409735202789306"
"90800","0.23177729532122612","0.23177729532122612","0.23177729532122612"
"90900","0.23393525838851928","0.23393525838851928","0.23393525838851928"
"91000","0.23428335174918175","0.23428335174918175","0.23428335174918175"
"91100","0.2431099559366703","0.2431099559366703","0.2431099559366703"
"91200","0.23933541014790535","0.23933541014790535","0.23933541014790535"
"91300","0.22759501665830612","0.22759501665830612","0.22759501665830612"
"91400","0.22696390986442566","0.22696390986442566","0.22696390986442566"
"91500","0.24168179243803023","0.24168179243803023","0.24168179243803023"
"91600","0.2309917365014553","0.2309917365014553","0.2309917365014553"
"91700","0.23102241575717927","0.23102241575717927","0.23102241575717927"
"91800","0.2392599254846573","0.2392599254846573","0.2392599254846573"
"91900","0.2296805688738823","0.2296805688738823","0.2296805688738823"
"92000","0.23435194566845893","0.23435194566845893","0.23435194566845893"
"92100","0.2336996440589428","0.2336996440589428","0.2336996440589428"
"92200","0.23270170614123345","0.23270170614123345","0.23270170614123345"
"92300","0.23664447873830796","0.23664447873830796","0.23664447873830796"
"92400","0.23615771248936654","0.23615771248936654","0.23615771248936654"
"92500","0.22989801749587058","0.22989801749587058","0.22989801749587058"
"92600","0.23669427305459975","0.23669427305459975","0.23669427305459975"
"92700","0.23000160068273545","0.23000160068273545","0.23000160068273545"
"92800","0.23347620636224747","0.23347620636224747","0.23347620636224747"
"92900","0.2319469015300274","0.2319469015300274","0.2319469015300274"
"93000","0.23407108709216118","0.23407108709216118","0.23407108709216118"
"93100","0.2266262598335743","0.2266262598335743","0.2266262598335743"
"93200","0.233119148761034","0.233119148761034","0.233119148761034"
"93300","0.22348825976252557","0.22348825976252557","0.22348825976252557"
"93400","0.2404150329530239","0.2404150329530239","0.2404150329530239"
"93500","0.22884852319955826","0.22884852319955826","0.22884852319955826"
"93600","0.23685511589050293","0.23685511589050293","0.23685511589050293"
"93700","0.23014285027980805","0.23014285027980805","0.23014285027980805"
"93800","0.22768278166651726","0.22768278166651726","0.22768278166651726"
"93900","0.2284935437142849","0.2284935437142849","0.2284935437142849"
"94000","0.2388159829378128","0.2388159829378128","0.2388159829378128"
"94100","0.22981515064835548","0.22981515064835548","0.22981515064835548"
"94200","0.2275393611192703","0.2275393611192703","0.2275393611192703"
"94300","0.23251965641975403","0.23251965641975403","0.23251965641975403"
"94400","0.22842553481459618","0.22842553481459618","0.22842553481459618"
"94500","0.23587848916649817","0.23587848916649817","0.23587848916649817"
"94600","0.23646059408783912","0.23646059408783912","0.23646059408783912"
"94700","0.22640903607010843","0.22640903607010843","0.22640903607010843"
"94800","0.22332635015249253","0.22332635015249253","0.22332635015249253"
"94900","0.2228521777689457","0.2228521777689457","0.2228521777689457"
"95000","0.23060559660196303","0.23060559660196303","0.23060559660196303"
"95100","0.22942115113139153","0.22942115113139153","0.22942115113139153"
"95200","0.22195050925016402","0.22195050925016402","0.22195050925016402"
"95300","0.22573960155248643","0.22573960155248643","0.22573960155248643"
"95400","0.2299825732409954","0.2299825732409954","0.2299825732409954"
"95500","0.23648923948407174","0.23648923948407174","0.23648923948407174"
"95600","0.22843327328562738","0.22843327328562738","0.22843327328562738"
"95700","0.2288339002430439","0.2288339002430439","0.2288339002430439"
"95800","0.22971316903829575","0.22971316903829575","0.22971316903829575"
"95900","0.2289281263947487","0.2289281263947487","0.2289281263947487"
"96000","0.22524405285716056","0.22524405285716056","0.22524405285716056"
"96100","0.22045663490891457","0.22045663490891457","0.22045663490891457"
"96200","0.22650546297430993","0.22650546297430993","0.22650546297430993"
"96300","0.22478169322013855","0.22478169322013855","0.22478169322013855"
"96400","0.2261828076839447","0.2261828076839447","0.2261828076839447"
"96500","0.23372917503118515","0.23372917503118515","0.23372917503118515"
"96600","0.22511389553546907","0.22511389553546907","0.22511389553546907"
"96700","0.2207426807284355","0.2207426807284355","0.2207426807284355"
"96800","0.22807279780507086","0.22807279780507086","0.22807279780507086"
"96900","0.2251281912624836","0.2251281912624836","0.2251281912624836"
"97000","0.22875269427895545","0.22875269427895545","0.22875269427895545"
"97100","0.23654451102018356","0.23654451102018356","0.23654451102018356"
"97200","0.22291361033916474","0.22291361033916474","0.22291361033916474"
"97300","0.22353554725646974","0.22353554725646974","0.22353554725646974"
"97400","0.22225131943821907","0.22225131943821907","0.22225131943821907"
"97500","0.22652388259768486","0.22652388259768486","0.22652388259768486"
"97600","0.2301149646937847","0.2301149646937847","0.2301149646937847"
"97700","0.22683634325861932","0.22683634325861932","0.22683634325861932"
"97800","0.21646253645420074","0.21646253645420074","0.21646253645420074"
"97900","0.23271368324756622","0.23271368324756622","0.23271368324756622"
"98000","0.2235189452767372","0.2235189452767372","0.2235189452767372"
"98100","0.23254262000322343","0.23254262000322343","0.23254262000322343"
"98200","0.2226254639029503","0.2226254639029503","0.2226254639029503"
"98300","0.22200462073087693","0.22200462073087693","0.22200462073087693"
"98400","0.2183399447798729","0.2183399447798729","0.2183399447798729"
"98500","0.23535800188779832","0.23535800188779832","0.23535800188779832"
"98600","0.21983787715435027","0.21983787715435027","0.21983787715435027"
"98700","0.22576072871685027","0.22576072871685027","0.22576072871685027"
"98800","0.21685594387352466","0.21685594387352466","0.21685594387352466"
"98900","0.23027333706617356","0.23027333706617356","0.23027333706617356"
"99000","0.22140660062432288","0.22140660062432288","0.22140660062432288"
"99100","0.22545379593968393","0.22545379593968393","0.22545379593968393"
"99200","0.22060878410935403","0.22060878410935403","0.22060878410935403"
"99300","0.22258227899670602","0.22258227899670602","0.22258227899670602"
"99400","0.2209952539205551","0.2209952539205551","0.2209952539205551"
"99500","0.2302431856095791","0.2302431856095791","0.2302431856095791"
"99600","0.22814753845334054","0.22814753845334054","0.22814753845334054"
"99700","0.22334160402417183","0.22334160402417183","0.22334160402417183"
"99800","0.21743951439857484","0.21743951439857484","0.21743951439857484"
"99900","0.21530262544751166","0.21530262544751166","0.21530262544751166"
"100000","0.2194957771897316","0.2194957771897316","0.2194957771897316"
"100100","0.22577230840921403","0.22577230840921403","0.22577230840921403"
"100200","0.21865151435136795","0.21865151435136795","0.21865151435136795"
"100300","0.22465212255716324","0.22465212255716324","0.22465212255716324"
"100400","0.2248748280107975","0.2248748280107975","0.2248748280107975"
"100500","0.22764732599258422","0.22764732599258422","0.22764732599258422"
"100600","0.2113703867793083","0.2113703867793083","0.2113703867793083"
"100700","0.22245269298553466","0.22245269298553466","0.22245269298553466"
"100800","0.21686768129467965","0.21686768129467965","0.21686768129467965"
"100900","0.22195959195494652","0.22195959195494652","0.22195959195494652"
"101000","0.22404797300696372","0.22404797300696372","0.22404797300696372"
"101100","0.22055995240807533","0.22055995240807533","0.22055995240807533"
"101200","0.21915384724736214","0.21915384724736214","0.21915384724736214"
"101300","0.21749122068285942","0.21749122068285942","0.21749122068285942"
"101400","0.22432608559727668","0.22432608559727668","0.22432608559727668"
"101500","0.21985088244080545","0.21985088244080545","0.21985088244080545"
"101600","0.2196037630736828","0.2196037630736828","0.2196037630736828"
"101700","0.21705298528075218","0.21705298528075218","0.21705298528075218"
"101800","0.21547001287341117","0.21547001287341117","0.21547001287341117"
"101900","0.22654537633061408","0.22654537633061408","0.22654537633061408"
"102000","0.22566437765955924","0.22566437765955924","0.22566437765955924"
"102100","0.21680818393826484","0.21680818393826484","0.21680818393826484"
"102200","0.22379721954464912","0.22379721954464912","0.22379721954464912"
"102300","0.21686101108789443","0.21686101108789443","0.21686101108789443"
"102400","0.21983722910284997","0.21983722910284997","0.21983722910284997"
"102500","0.21583873122930528","0.21583873122930528","0.21583873122930528"
"102600","0.2219158025085926","0.2219158025085926","0.2219158025085926"
"102700","0.2250430752336979","0.2250430752336979","0.2250430752336979"
"102800","0.22234050929546356","0.22234050929546356","0.22234050929546356"
"102900","0.21941862419247626","0.21941862419247626","0.21941862419247626"
"103000","0.21566736757755278","0.21566736757755278","0.21566736757755278"
"103100","0.21466145515441895","0.21466145515441895","0.21466145515441895"
"103200","0.22799839749932288","0.22799839749932288","0.22799839749932288"
"103300","0.22059248238801957","0.22059248238801957","0.22059248238801957"
"103400","0.21654513627290725","0.21654513627290725","0.21654513627290725"
"103500","0.2182202160358429","0.2182202160358429","0.2182202160358429"
"103600","0.21378799319267272","0.21378799319267272","0.21378799319267272"
"103700","0.2083289934694767","0.2083289934694767","0.2083289934694767"
"103800","0.22030346617102622","0.22030346617102622","0.22030346617102622"
"103900","0.22506995603442193","0.22506995603442193","0.22506995603442193"
"104000","0.2126614883542061","0.2126614883542061","0.2126614883542061"
"104100","0.21646617606282234","0.21646617606282234","0.21646617606282234"
"104200","0.22260449826717377","0.22260449826717377","0.22260449826717377"
"104300","0.22892191097140313","0.22892191097140313","0.22892191097140313"
"104400","0.21999045163393022","0.21999045163393022","0.21999045163393022"
"104500","0.21643613681197166","0.21643613681197166","0.21643613681197166"
"104600","0.20273994639515877","0.20273994639515877","0.20273994639515877"
"104700","0.2270989367365837","0.2270989367365837","0.2270989367365837"
"104800","0.21939653784036636","0.21939653784036636","0.21939653784036636"
"104900","0.22382786259055137","0.22382786259055137","0.22382786259055137"
"105000","0.2200598055124283","0.2200598055124283","0.2200598055124283"
"105100","0.22202808082103728","0.22202808082103728","0.22202808082103728"
"105200","0.22046149000525475","0.22046149000525475","0.22046149000525475"
"105300","0.2121882475912571","0.2121882475912571","0.2121882475912571"
"105400","0.20739337503910066","0.20739337503910066","0.20739337503910066"
"105500","0.21682162329554558","0.21682162329554558","0.21682162329554558"
"105600","0.21573464393615724","0.21573464393615724","0.21573464393615724"
"105700","0.21895427897572517","0.21895427897572517","0.21895427897572517"
"105800","0.2193922933936119","0.2193922933936119","0.2193922933936119"
"105900","0.20840701967477798","0.20840701967477798","0.20840701967477798"
"106000","0.21415534004569053","0.21415534004569053","0.21415534004569053"
"106100","0.21347845748066901","0.21347845748066901","0.21347845748066901"
"106200","0.22023077443242073","0.22023077443242073","0.22023077443242073"
"106300","0.2117537021636963","0.2117537021636963","0.2117537021636963"
"106400","0.219860687404871","0.219860687404871","0.219860687404871"
"106500","0.21964062944054605","0.21964062944054605","0.21964062944054605"
"106600","0.20987876504659653","0.20987876504659653","0.20987876504659653"
"106700","0.21702744841575622","0.21702744841575622","0.21702744841575622"
"106800","0.21735845357179642","0.21735845357179642","0.21735845357179642"
"106900","0.20898781090974808","0.20898781090974808","0.20898781090974808"
"107000","0.2168498881161213","0.2168498881161213","0.2168498881161213"
"107100","0.20502226203680038","0.20502226203680038","0.20502226203680038"
"107200","0.21720490217208863","0.21720490217208863","0.21720490217208863"
"107300","0.2220330084860325","0.2220330084860325","0.2220330084860325"
"107400","0.21272900715470314","0.21272900715470314","0.21272900715470314"
"107500","0.21416967183351518","0.21416967183351518","0.21416967183351518"
"107600","0.21076468870043755","0.21076468870043755","0.21076468870043755"
"107700","0.222802751660347","0.222802751660347","0.222802751660347"
"107800","0.2129545247554779","0.2129545247554779","0.2129545247554779"
"107900","0.2132778349518776","0.2132778349518776","0.2132778349518776"
"108000","0.20779192700982094","0.20779192700982094","0.20779192700982094"
"108100","0.21765890315175057","0.21765890315175057","0.21765890315175057"
"108200","0.21655126228928567","0.21655126228928567","0.21655126228928567"
"108300","0.21360266372561454","0.21360266372561454","0.21360266372561454"
"108400","0.20752651780843734","0.20752651780843734","0.20752651780843734"
"108500","0.2178921292722225","0.2178921292722225","0.2178921292722225"
"108600","0.2124047203361988","0.2124047203361988","0.2124047203361988"
"108700","0.21109675571322442","0.21109675571322442","0.21109675571322442"
"108800","0.21122239381074906","0.21122239381074906","0.21122239381074906"
"108900","0.20502007246017456","0.20502007246017456","0.20502007246017456"
"109000","0.21471373811364175","0.21471373811364175","0.21471373811364175"
"109100","0.20552946224808694","0.20552946224808694","0.20552946224808694"
"109200","0.2171172770857811","0.2171172770857811","0.2171172770857811"
"109300","0.21157513827085495","0.21157513827085495","0.21157513827085495"
"109400","0.21378450095653534","0.21378450095653534","0.21378450095653534"
"109500","0.2136332404613495","0.2136332404613495","0.2136332404613495"
"109600","0.2131022623181343","0.2131022623181343","0.2131022623181343"
"109700","0.208897997289896","0.208897997289896","0.208897997289896"
"109800","0.21315313667058944","0.21315313667058944","0.21315313667058944"
"109900","0.20775269120931625","0.20775269120931625","0.20775269120931625"
"110000","0.21576642304658888","0.21576642304658888","0.21576642304658888"
"110100","0.20740760415792464","0.20740760415792464","0.20740760415792464"
"110200","0.2071286165714264","0.2071286165714264","0.2071286165714264"
"110300","0.20805652409791947","0.20805652409791947","0.20805652409791947"
"110400","0.21656464248895646","0.21656464248895646","0.21656464248895646"
"110500","0.21036304041743278","0.21036304041743278","0.21036304041743278"
"110600","0.21458564355969428","0.21458564355969428","0.21458564355969428"
"110700","0.20123863771557807","0.20123863771557807","0.20123863771557807"
"110800","0.212895437926054","0.212895437926054","0.212895437926054"
"110900","0.21211129888892175","0.21211129888892175","0.21211129888892175"
"111000","0.21103144705295562","0.21103144705295562","0.21103144705295562"
"111100","0.21034688666462897","0.21034688666462897","0.21034688666462897"
"111200","0.2065230569243431","0.2065230569243431","0.2065230569243431"
"111300","0.20857661023736","0.20857661023736","0.20857661023736"
"111400","0.2102044415473938","0.2102044415473938","0.2102044415473938"
"111500","0.21190009102225305","0.21190009102225305","0.21190009102225305"
"111600","0.2057373532652855","0.2057373532652855","0.2057373532652855"
"111700","0.20995857387781144","0.20995857387781144","0.20995857387781144"
"111800","0.21070271104574204","0.21070271104574204","0.21070271104574204"
"111900","0.20700605541467668","0.20700605541467668","0.20700605541467668"
"112000","0.20773921638727189","0.20773921638727189","0.20773921638727189"
"112100","0.2049873384833336","0.2049873384833336","0.2049873384833336"
"112200","0.2140522100031376","0.2140522100031376","0.2140522100031376"
"112300","0.19616867870092392","0.19616867870092392","0.19616867870092392"
"112400","0.21030699700117111","0.21030699700117111","0.21030699700117111"
"112500","0.20772872790694236","0.20772872790694236","0.20772872790694236"
"112600","0.20950878635048867","0.20950878635048867","0.20950878635048867"
"112700","0.21686359956860543","0.21686359956860543","0.21686359956860543"
"112800","0.20765544578433037","0.20765544578433037","0.20765544578433037"
"112900","0.2079761002957821","0.2079761002957821","0.2079761002957821"
"113000","0.2076565544307232","0.2076565544307232","0.2076565544307232"
"113100","0.2096489143371582","0.2096489143371582","0.2096489143371582"
"113200","0.20152706354856492","0.20152706354856492","0.20152706354856492"
"113300","0.2048582749068737","0.2048582749068737","0.2048582749068737"
"113400","0.20294842928647994","0.20294842928647994","0.20294842928647994"
"113500","0.2046133877336979","0.2046133877336979","0.2046133877336979"
"113600","0.21607539013028146","0.21607539013028146","0.21607539013028146"
"113700","0.21146034926176072","0.21146034926176072","0.21146034926176072"
"113800","0.2032850770652294","0.2032850770652294","0.2032850770652294"
"113900","0.20859927535057068","0.20859927535057068","0.20859927535057068"
"114000","0.20796743735671044","0.20796743735671044","0.20796743735671044"
"114100","0.2069415357708931","0.2069415357708931","0.2069415357708931"
"114200","0.2044068019092083","0.2044068019092083","0.2044068019092083"
"114300","0.21299334794282912","0.21299334794282912","0.21299334794282912"
"114400","0.20614879027009012","0.20614879027009012","0.20614879027009012"
"114500","0.20235639557242394","0.20235639557242394","0.20235639557242394"
"114600","0.21533882960677148","0.21533882960677148","0.21533882960677148"
"114700","0.20484416410326958","0.20484416410326958","0.20484416410326958"
"114800","0.2017557866871357","0.2017557866871357","0.2017557866871357"
"114900","0.20365788534283638","0.20365788534283638","0.20365788534283638"
"115000","0.20210350066423416","0.20210350066423416","0.20210350066423416"
"115100","0.2198007397353649","0.2198007397353649","0.2198007397353649"
"115200","0.19779165655374528","0.19779165655374528","0.19779165655374528"
"115300","0.2125445617735386","0.2125445617735386","0.2125445617735386"
"115400","0.19646553248167037","0.19646553248167037","0.19646553248167037"
"115500","0.21787804663181304","0.21787804663181304","0.21787804663181304"
"115600","0.20746562570333482","0.20746562570333482","0.20746562570333482"
"115700","0.2079998415708542","0.2079998415708542","0.2079998415708542"
"115800","0.2083538769185543","0.2083538769185543","0.2083538769185543"
"115900","0.2024772633612156","0.2024772633612156","0.2024772633612156"
"116000","0.2066800820827484","0.2066800820827484","0.2066800820827484"
"116100","0.20587247371673584","0.20587247371673584","0.20587247371673584"
"116200","0.19969021767377854","0.19969021767377854","0.19969021767377854"
"116300","0.20115112230181695","0.20115112230181695","0.20115112230181695"
"116400","0.20275483250617982","0.20275483250617982","0.20275483250617982"
"116500","0.20244623318314553","0.20244623318314553","0.20244623318314553"
"116600","0.20804713279008866","0.20804713279008866","0.20804713279008866"
"116700","0.20124684020876885","0.20124684020876885","0.20124684020876885"
"116800","0.2049391548335552","0.2049391548335552","0.2049391548335552"
"116900","0.20459930777549742","0.20459930777549742","0.20459930777549742"
"117000","0.20770044684410094","0.20770044684410094","0.20770044684410094"
"117100","0.19813149094581603","0.19813149094581603","0.19813149094581603"
"117200","0.20797646522521973","0.20797646522521973","0.20797646522521973"
"117300","0.2063893710076809","0.2063893710076809","0.2063893710076809"
"117400","0.19861729234457015","0.19861729234457015","0.19861729234457015"
"117500","0.20431955441832542","0.20431955441832542","0.20431955441832542"
"117600","0.20781311616301537","0.20781311616301537","0.20781311616301537"
"117700","0.20593567669391633","0.20593567669391633","0.20593567669391633"
"117800","0.19466409415006639","0.19466409415006639","0.19466409415006639"
"117900","0.20643191665410995","0.20643191665410995","0.20643191665410995"
"118000","0.20669765546917915","0.20669765546917915","0.20669765546917915"
"118100","0.20555788934230804","0.20555788934230804","0.20555788934230804"
"118200","0.2003750252723694","0.2003750252723694","0.2003750252723694"
"118300","0.20155840158462524","0.20155840158462524","0.20155840158462524"
"118400","0.19769063204526902","0.19769063204526902","0.19769063204526902"
"118500","0.20899334654211998","0.20899334654211998","0.20899334654211998"
"118600","0.20213795229792594","0.20213795229792594","0.20213795229792594"
"118700","0.20631072983145715","0.20631072983145715","0.20631072983145715"
"118800","0.2016737101972103","0.2016737101972103","0.2016737101972103"
"118900","0.19773046553134918","0.19773046553134918","0.19773046553134918"
"119000","0.1975713001191616","0.1975713001191616","0.1975713001191616"
"119100","0.2057020005583763","0.2057020005583763","0.2057020005583763"
"119200","0.20296141162514686","0.20296141162514686","0.20296141162514686"
"119300","0.20044884949922562","0.20044884949922562","0.20044884949922562"
"119400","0.20578704968094827","0.20578704968094827","0.20578704968094827"
"119500","0.19732268288731575","0.19732268288731575","0.19732268288731575"
"119600","0.20781077682971955","0.20781077682971955","0.20781077682971955"
"119700","0.19774948850274085","0.19774948850274085","0.19774948850274085"
"119800","0.20418953001499177","0.20418953001499177","0.20418953001499177"
"119900","0.19747690692543984","0.19747690692543984","0.19747690692543984"
"120000","0.20228570327162743","0.20228570327162743","0.20228570327162743"
"120100","0.19284442991018294","0.19284442991018294","0.19284442991018294"
"120200","0.215137560069561","0.215137560069561","0.215137560069561"
"120300","0.19382424503564835","0.19382424503564835","0.19382424503564835"
"120400","0.20523600831627845","0.20523600831627845","0.20523600831627845"
"120500","0.20123434484004973","0.20123434484004973","0.20123434484004973"
"120600","0.2077580687403679","0.2077580687403679","0.2077580687403679"
"120700","0.1998135569691658","0.1998135569691658","0.1998135569691658"
"120800","0.20325764760375023","0.20325764760375023","0.20325764760375023"
"120900","0.20649999305605887","0.20649999305605887","0.20649999305605887"
"121000","0.19569789096713067","0.19569789096713067","0.19569789096713067"
"121100","0.2002467231452465","0.2002467231452465","0.2002467231452465"
"121200","0.2061901019513607","0.2061901019513607","0.2061901019513607"
"121300","0.20130095943808557","0.20130095943808557","0.20130095943808557"
"121400","0.19461456134915353","0.19461456134915353","0.19461456134915353"
"121500","0.20504671737551688","0.20504671737551688","0.20504671737551688"
"121600","0.19239359110593796","0.19239359110593796","0.19239359110593796"
"121700","0.20537402853369713","0.20537402853369713","0.20537402853369713"
"121800","0.20016751930117607","0.20016751930117607","0.20016751930117607"
"121900","0.19696137584745885","0.19696137584745885","0.19696137584745885"
"122000","0.19497777491807938","0.19497777491807938","0.19497777491807938"
"122100","0.19961442932486534","0.19961442932486534","0.19961442932486534"
"122200","0.19566003307700158","0.19566003307700158","0.19566003307700158"
"122300","0.19782119885087013","0.19782119885087013","0.19782119885087013"
"122400","0.20356613591313363","0.20356613591313363","0.20356613591313363"
"122500","0.19526932746171952","0.19526932746171952","0.19526932746171952"
"122600","0.19460740685462952","0.19460740685462952","0.19460740685462952"
"122700","0.20128759741783142","0.20128759741783142","0.20128759741783142"
"122800","0.19355588138103486","0.19355588138103486","0.19355588138103486"
"122900","0.20193712830543517","0.20193712830543517","0.20193712830543517"
"123000","0.19908381789922713","0.19908381789922713","0.19908381789922713"
"123100","0.2030578498542309","0.2030578498542309","0.2030578498542309"
"123200","0.20039017885923385","0.20039017885923385","0.20039017885923385"
"123300","0.19563054904341698","0.19563054904341698","0.19563054904341698"
"123400","0.20783616974949837","0.20783616974949837","0.20783616974949837"
"123500","0.2023874719440937","0.2023874719440937","0.2023874719440937"
"123600","0.2017693105340004","0.2017693105340004","0.2017693105340004"
"123700","0.19851953387260438","0.19851953387260438","0.19851953387260438"
"123800","0.1988281638175249","0.1988281638175249","0.1988281638175249"
"123900","0.1988115666806698","0.1988115666806698","0.1988115666806698"
"124000","0.19669984444975852","0.19669984444975852","0.19669984444975852"
"124100","0.19339632600545884","0.19339632600545884","0.19339632600545884"
"124200","0.20578667253255845","0.20578667253255845","0.20578667253255845"
"124300","0.1980198073387146","0.1980198073387146","0.1980198073387146"
"124400","0.20336111068725585","0.20336111068725585","0.20336111068725585"
"124500","0.19721588030457496","0.19721588030457496","0.19721588030457496"
"124600","0.18869307652115822","0.18869307652115822","0.18869307652115822"
"124700","0.1968150383234024","0.1968150383234024","0.1968150383234024"
"124800","0.19669777929782867","0.19669777929782867","0.19669777929782867"
"124900","0.19881338864564896","0.19881338864564896","0.19881338864564896"
"125000","0.19166609555482864","0.19166609555482864","0.19166609555482864"
"125100","0.1960285012423992","0.1960285012423992","0.1960285012423992"
"125200","0.20536978170275688","0.20536978170275688","0.20536978170275688"
"125300","0.2024852891266346","0.2024852891266346","0.2024852891266346"
"125400","0.19148025393486023","0.19148025393486023","0.19148025393486023"
"125500","0.20068094819784166","0.20068094819784166","0.20068094819784166"
"125600","0.19618217527866363","0.19618217527866363","0.19618217527866363"
"125700","0.1990032462775707","0.1990032462775707","0.1990032462775707"
"125800","0.1918318548798561","0.1918318548798561","0.1918318548798561"
"125900","0.19117460444569587","0.19117460444569587","0.19117460444569587"
"126000","0.1869995604455471","0.1869995604455471","0.1869995604455471"
"126100","0.20340428054332732","0.20340428054332732","0.20340428054332732"
"126200","0.19855766445398332","0.19855766445398332","0.19855766445398332"
"126300","0.1913258531689644","0.1913258531689644","0.1913258531689644"
"126400","0.19791684418916702","0.19791684418916702","0.19791684418916702"
"126500","0.19248656496405603","0.19248656496405603","0.19248656496405603"
"126600","0.20089297503232956","0.20089297503232956","0.20089297503232956"
"126700","0.19474325686693192","0.19474325686693192","0.19474325686693192"
"126800","0.18857308998703956","0.18857308998703956","0.18857308998703956"
"126900","0.19050508946180345","0.19050508946180345","0.19050508946180345"
"127000","0.19250778689980508","0.19250778689980508","0.19250778689980508"
"127100","0.1948662705719471","0.1948662705719471","0.1948662705719471"
"127200","0.20316189512610436","0.20316189512610436","0.20316189512610436"
"127300","0.1904621057212353","0.1904621057212353","0.1904621057212353"
"127400","0.20254889026284217","0.20254889026284217","0.20254889026284217"
"127500","0.1862000449001789","0.1862000449001789","0.1862000449001789"
"127600","0.19942567706108094","0.19942567706108094","0.19942567706108094"
"127700","0.19514300353825093","0.19514300353825093","0.19514300353825093"
"127800","0.20223679557442664","0.20223679557442664","0.20223679557442664"
"127900","0.20446170672774314","0.20446170672774314","0.20446170672774314"
"128000","0.19023023501038552","0.19023023501038552","0.19023023501038552"
"128100","0.19623129293322564","0.19623129293322564","0.19623129293322564"
"128200","0.19162209078669548","0.19162209078669548","0.19162209078669548"
"128300","0.19394008949398994","0.19394008949398994","0.19394008949398994"
"128400","0.19672932714223862","0.19672932714223862","0.19672932714223862"
"128500","0.20196643114089965","0.20196643114089965","0.20196643114089965"
"128600","0.19138331830501557","0.19138331830501557","0.19138331830501557"
"128700","0.20907875955104827","0.20907875955104827","0.20907875955104827"
"128800","0.19091469064354896","0.19091469064354896","0.19091469064354896"
"128900","0.19650214992463588","0.19650214992463588","0.19650214992463588"
"129000","0.19273946970701217","0.19273946970701217","0.19273946970701217"
"129100","0.19317896157503128","0.19317896157503128","0.19317896157503128"
"129200","0.19007323138415813","0.19007323138415813","0.19007323138415813"
"129300","0.19836386054754257","0.19836386054754257","0.19836386054754257"
"129400","0.18772567465901374","0.18772567465901374","0.18772567465901374"
"129500","0.19896781340241432","0.19896781340241432","0.19896781340241432"
"129600","0.1963082555681467","0.1963082555681467","0.1963082555681467"
"129700","0.1827870851010084","0.1827870851010084","0.1827870851010084"
"129800","0.19436952158808707","0.19436952158808707","0.19436952158808707"
"129900","0.18874290496110915","0.18874290496110915","0.18874290496110915"
"130000","0.1869836702942848","0.1869836702942848","0.1869836702942848"
"130100","0.19355065017938614","0.19355065017938614","0.19355065017938614"
"130200","0.19344143107533454","0.19344143107533454","0.19344143107533454"
"130300","0.19626083821058274","0.19626083821058274","0.19626083821058274"
"130400","0.19550346106290817","0.19550346106290817","0.19550346106290817"
"130500","0.1924502158164978","0.1924502158164978","0.1924502158164978"
"130600","0.18895165801048278","0.18895165801048278","0.18895165801048278"
"130700","0.18742307290434837","0.18742307290434837","0.18742307290434837"
"130800","0.20312280416488648","0.20312280416488648","0.20312280416488648"
"130900","0.19508872762322427","0.19508872762322427","0.19508872762322427"
"131000","0.18448297783732415","0.18448297783732415","0.18448297783732415"
"131100","0.19271569356322288","0.19271569356322288","0.19271569356322288"
"131200","0.19269513219594955","0.19269513219594955","0.19269513219594955"
"131300","0.19544729232788086","0.19544729232788086","0.19544729232788086"
"131400","0.19134849265217782","0.19134849265217782","0.19134849265217782"
"131500","0.19390976473689078","0.19390976473689078","0.19390976473689078"
"131600","0.19323165073990822","0.19323165073990822","0.19323165073990822"
"131700","0.19349323123693465","0.19349323123693465","0.19349323123693465"
"131800","0.18683053508400918","0.18683053508400918","0.18683053508400918"
"131900","0.19631608933210373","0.19631608933210373","0.19631608933210373"
"132000","0.19400993742048742","0.19400993742048742","0.19400993742048742"
"132100","0.1897928887605667","0.1897928887605667","0.1897928887605667"
"132200","0.1921611461043358","0.1921611461043358","0.1921611461043358"
"132300","0.1953553332388401","0.1953553332388401","0.1953553332388401"