"train/episode","seed_42_20260617_224551_ddqn - train/per_beta","seed_42_20260617_224551_ddqn - train/per_beta__MIN","seed_42_20260617_224551_ddqn - train/per_beta__MAX","seed_42_20260617_224551_ddqn - _step","seed_42_20260617_224551_ddqn - _step__MIN","seed_42_20260617_224551_ddqn - _step__MAX"
"10","0.406","0.406","0.406","10","10","10"
"20","0.4770000000000001","0.4770000000000001","0.4770000000000001","20","20","20"
"30","0.5390000000000001","0.5390000000000001","0.5390000000000001","30","30","30"
"40","0.6070000000000002","0.6070000000000002","0.6070000000000002","40","40","40"
"50","0.7020000000000003","0.7020000000000003","0.7020000000000003","50","50","50"
"60","0.8360000000000004","0.8360000000000004","0.8360000000000004","60","60","60"
"70","0.8880000000000005","0.8880000000000005","0.8880000000000005","70","70","70"
"80","0.9630000000000005","0.9630000000000005","0.9630000000000005","80","80","80"
"90","1","1","1","90","90","90"
"100","1","1","1","100","100","100"
"110","1","1","1","110","110","110"
"120","1","1","1","120","120","120"
"130","1","1","1","130","130","130"
"140","1","1","1","140","140","140"
"150","1","1","1","150","150","150"
"160","1","1","1","160","160","160"
"170","1","1","1","170","170","170"
"180","1","1","1","180","180","180"
"190","1","1","1","190","190","190"
"200","1","1","1","200","200","200"
"210","1","1","1","210","210","210"
"220","1","1","1","220","220","220"
"230","1","1","1","230","230","230"
"240","1","1","1","240","240","240"
"250","1","1","1","250","250","250"
"260","1","1","1","260","260","260"
"270","1","1","1","270","270","270"
"280","1","1","1","280","280","280"
"290","1","1","1","290","290","290"
"300","1","1","1","300","300","300"
"310","1","1","1","310","310","310"
"320","1","1","1","320","320","320"
"330","1","1","1","330","330","330"
"340","1","1","1","340","340","340"
"350","1","1","1","350","350","350"
"360","1","1","1","360","360","360"
"370","1","1","1","370","370","370"
"380","1","1","1","380","380","380"
"390","1","1","1","390","390","390"
"400","1","1","1","400","400","400"
"410","1","1","1","410","410","410"
"420","1","1","1","420","420","420"
"430","1","1","1","430","430","430"
"440","1","1","1","440","440","440"
"450","1","1","1","450","450","450"
"460","1","1","1","460","460","460"
"470","1","1","1","470","470","470"
"480","1","1","1","480","480","480"
"490","1","1","1","490","490","490"
"500","1","1","1","500","500","500"
"510","1","1","1","510","510","510"
"520","1","1","1","520","520","520"
"530","1","1","1","530","530","530"
"540","1","1","1","540","540","540"
"550","1","1","1","550","550","550"
"560","1","1","1","560","560","560"
"570","1","1","1","570","570","570"
"580","1","1","1","580","580","580"
"590","1","1","1","590","590","590"
"600","1","1","1","600","600","600"
"610","1","1","1","610","610","610"
"620","1","1","1","620","620","620"
"630","1","1","1","630","630","630"
"640","1","1","1","640","640","640"
"650","1","1","1","650","650","650"
"660","1","1","1","660","660","660"
"670","1","1","1","670","670","670"
"680","1","1","1","680","680","680"
"690","1","1","1","690","690","690"
"700","1","1","1","700","700","700"
"710","1","1","1","710","710","710"
"720","1","1","1","720","720","720"
"730","1","1","1","730","730","730"
"740","1","1","1","740","740","740"