"train/episode","seed_42_20260617_224551_ddqn - train/epsilon","seed_42_20260617_224551_ddqn - train/epsilon__MIN","seed_42_20260617_224551_ddqn - train/epsilon__MAX","seed_42_20260617_224551_ddqn - _step","seed_42_20260617_224551_ddqn - _step__MIN","seed_42_20260617_224551_ddqn - _step__MAX"
"10","0.950125","0.950125","0.950125","10","10","10"
"20","0.9164","0.9164","0.9164","20","20","20"
"30","0.88695","0.88695","0.88695","30","30","30"
"40","0.85465","0.85465","0.85465","40","40","40"
"50","0.809525","0.809525","0.809525","50","50","50"
"60","0.7458750000000001","0.7458750000000001","0.7458750000000001","60","60","60"
"70","0.721175","0.721175","0.721175","70","70","70"
"80","0.68555","0.68555","0.68555","80","80","80"
"90","0.649925","0.649925","0.649925","90","90","90"
"100","0.6238","0.6238","0.6238","100","100","100"
"110","0.59055","0.59055","0.59055","110","110","110"
"120","0.5487500000000001","0.5487500000000001","0.5487500000000001","120","120","120"
"130","0.512175","0.512175","0.512175","130","130","130"
"140","0.46419999999999995","0.46419999999999995","0.46419999999999995","140","140","140"
"150","0.41717499999999996","0.41717499999999996","0.41717499999999996","150","150","150"
"160","0.36397500000000005","0.36397500000000005","0.36397500000000005","160","160","160"
"170","0.32977500000000004","0.32977500000000004","0.32977500000000004","170","170","170"
"180","0.276575","0.276575","0.276575","180","180","180"
"190","0.19155","0.19155","0.19155","190","190","190"
"200","0.06947499999999995","0.06947499999999995","0.06947499999999995","200","200","200"
"210","0.05","0.05","0.05","210","210","210"
"220","0.05","0.05","0.05","220","220","220"
"230","0.05","0.05","0.05","230","230","230"
"240","0.05","0.05","0.05","240","240","240"
"250","0.05","0.05","0.05","250","250","250"
"260","0.05","0.05","0.05","260","260","260"
"270","0.05","0.05","0.05","270","270","270"
"280","0.05","0.05","0.05","280","280","280"
"290","0.05","0.05","0.05","290","290","290"
"300","0.05","0.05","0.05","300","300","300"
"310","0.05","0.05","0.05","310","310","310"
"320","0.05","0.05","0.05","320","320","320"
"330","0.05","0.05","0.05","330","330","330"
"340","0.05","0.05","0.05","340","340","340"
"350","0.05","0.05","0.05","350","350","350"
"360","0.05","0.05","0.05","360","360","360"
"370","0.05","0.05","0.05","370","370","370"
"380","0.05","0.05","0.05","380","380","380"
"390","0.05","0.05","0.05","390","390","390"
"400","0.05","0.05","0.05","400","400","400"
"410","0.05","0.05","0.05","410","410","410"
"420","0.05","0.05","0.05","420","420","420"
"430","0.05","0.05","0.05","430","430","430"
"440","0.05","0.05","0.05","440","440","440"
"450","0.05","0.05","0.05","450","450","450"
"460","0.05","0.05","0.05","460","460","460"
"470","0.05","0.05","0.05","470","470","470"
"480","0.05","0.05","0.05","480","480","480"
"490","0.05","0.05","0.05","490","490","490"
"500","0.05","0.05","0.05","500","500","500"
"510","0.05","0.05","0.05","510","510","510"
"520","0.05","0.05","0.05","520","520","520"
"530","0.05","0.05","0.05","530","530","530"
"540","0.05","0.05","0.05","540","540","540"
"550","0.05","0.05","0.05","550","550","550"
"560","0.05","0.05","0.05","560","560","560"
"570","0.05","0.05","0.05","570","570","570"
"580","0.05","0.05","0.05","580","580","580"
"590","0.05","0.05","0.05","590","590","590"
"600","0.05","0.05","0.05","600","600","600"
"610","0.05","0.05","0.05","610","610","610"
"620","0.05","0.05","0.05","620","620","620"
"630","0.05","0.05","0.05","630","630","630"
"640","0.05","0.05","0.05","640","640","640"
"650","0.05","0.05","0.05","650","650","650"
"660","0.05","0.05","0.05","660","660","660"
"670","0.05","0.05","0.05","670","670","670"
"680","0.05","0.05","0.05","680","680","680"
"690","0.05","0.05","0.05","690","690","690"
"700","0.05","0.05","0.05","700","700","700"
"710","0.05","0.05","0.05","710","710","710"
"720","0.05","0.05","0.05","720","720","720"
"730","0.05","0.05","0.05","730","730","730"
"740","0.05","0.05","0.05","740","740","740"